inst#,actual,predicted,error,prediction,fixed acidity,volatile acidity,citric acid,residual sugar,chlorides,free sulfur dioxide,total sulfur dioxide,density,pH,sulphates,alcohol
1,1:?,1:good,,0.71,6.6,0.23,0.3,4.6,0.06,29,154,0.99142,3.23,0.49,12.2
2,1:?,1:good,,0.71,6.4,0.16,0.25,1.4,0.057,21,125,0.99091,3.23,0.44,11.1
3,1:?,2:bad,,1,6.6,0.38,0.36,9.2,0.061,42,214,0.9976,3.31,0.56,9.4
4,1:?,2:bad,,0.88,6.4,0.15,0.29,1.8,0.044,21,115,0.99166,3.1,0.38,10.2
5,1:?,1:good,,0.67,6.7,0.12,0.36,2.3,0.039,43,125,0.99229,3.07,0.67,10.1
6,1:?,1:good,,0.88,6.8,0.21,0.31,2.9,0.046,40,121,0.9913,3.07,0.65,10.9
7,1:?,1:good,,0.88,6.8,0.23,0.31,2.8,0.047,40,122,0.99126,3.06,0.64,10.9
8,1:?,1:good,,0.88,6.8,0.21,0.31,2.9,0.046,40,121,0.9913,3.07,0.65,10.9
9,1:?,2:bad,,1,6.6,0.28,0.42,8.2,0.044,60,196,0.99562,3.14,0.48,9.4
10,1:?,2:bad,,0.92,7.8,0.25,0.37,1,0.043,10,80,0.99128,3.08,0.38,11.4
11,1:?,1:good,,0.79,5.6,0.12,0.33,2.9,0.044,21,73,0.98896,3.17,0.32,12.9
12,1:?,2:bad,,1,6.6,0.28,0.41,7,0.046,59,194,0.99558,3.14,0.48,9.4
13,1:?,1:good,,0.84,6.8,0.17,0.35,1.8,0.04,29,84,0.98961,2.91,0.57,12
14,1:?,2:bad,,1,6.6,0.28,0.41,7,0.046,59,194,0.99558,3.14,0.48,9.4
15,1:?,2:bad,,1,6.6,0.28,0.42,8.2,0.044,60,196,0.99562,3.14,0.48,9.4
16,1:?,2:bad,,0.98,6.5,0.25,0.5,7.6,0.047,54,184,0.99572,3.17,0.45,9.2
17,1:?,1:good,,0.99,6.8,0.32,0.32,8.7,0.029,31,105,0.99146,3,0.34,12.3
18,1:?,2:bad,,0.92,7.8,0.25,0.37,1,0.043,10,80,0.99128,3.08,0.38,11.4
19,1:?,1:good,,0.79,5.6,0.12,0.33,2.9,0.044,21,73,0.98896,3.17,0.32,12.9
20,1:?,1:good,,0.99,6.3,0.22,0.34,5,0.032,36,93,0.99012,3.27,0.36,13.5
21,1:?,1:good,,1,6,0.32,0.3,1.9,0.033,41,142,0.98912,3.29,0.42,12.8
22,1:?,1:good,,0.96,6.3,0.19,0.29,2,0.022,33,96,0.98902,3.04,0.54,12.8
23,1:?,1:good,,1,6,0.32,0.3,1.9,0.033,41,142,0.98912,3.29,0.42,12.8
24,1:?,2:bad,,0.7,9.4,0.24,0.29,8.5,0.037,124,208,0.99395,2.9,0.38,11
25,1:?,1:good,,0.96,6.7,0.46,0.27,5.2,0.039,35,96,0.99129,3.16,0.44,12.4
26,1:?,1:good,,0.94,6.3,0.3,0.29,2.1,0.048,33,142,0.98956,3.22,0.46,12.9
27,1:?,1:good,,0.78,6,0.19,0.29,1.1,0.047,67,152,0.9916,3.54,0.59,11.1
28,1:?,1:good,,0.97,5.9,0.24,0.28,1.3,0.032,36,95,0.98889,3.08,0.64,12.9
29,1:?,1:good,,0.62,7.3,0.145,0.33,1.1,0.042,14,64,0.99012,3.1,0.37,11.8
30,1:?,1:good,,0.85,5.8,0.18,0.37,1.2,0.036,19,74,0.98853,3.09,0.49,12.7
31,1:?,1:good,,0.98,6.6,0.16,0.35,1.8,0.042,26,105,0.98962,3.19,0.75,12.4
32,1:?,2:bad,,0.57,5.1,0.21,0.28,1.4,0.047,48,148,0.99168,3.5,0.49,10.4
33,1:?,2:bad,,0.78,7.5,0.29,0.36,15.7,0.05,29,124,0.9968,3.06,0.54,10.4
34,1:?,1:good,,0.93,5.7,0.26,0.3,1.8,0.039,30,105,0.98995,3.48,0.52,12.5
35,1:?,1:good,,0.96,6.8,0.25,0.28,5,0.035,42,126,0.99048,3.12,0.38,12.6
36,1:?,2:bad,,0.72,6.6,0.17,0.28,1.8,0.042,62,178,0.99204,3.15,0.42,10.2
37,1:?,2:bad,,0.64,5.8,0.17,0.36,1.3,0.036,11,70,0.99202,3.43,0.68,10.4
38,1:?,1:good,,0.69,6.4,0.24,0.29,1,0.038,18,122,0.9906,3.3,0.42,11.5
39,1:?,1:good,,0.71,6.5,0.22,0.28,3.7,0.059,29,151,0.99177,3.23,0.41,12.1
40,1:?,1:good,,0.71,6.5,0.26,0.32,6.65,0.059,34,104,0.99254,3.18,0.42,11.1
41,1:?,2:bad,,0.93,6.9,0.36,0.28,13.55,0.048,51,189,0.99782,3,0.6,9.5
42,1:?,1:good,,0.89,5.9,0.2,0.28,12.8,0.038,29,132,0.99426,3.31,0.57,11.8
43,1:?,1:good,,0.88,6,0.22,0.33,12.2,0.033,25,97,0.99356,3.17,0.42,11.3
44,1:?,1:good,,0.62,7.1,0.18,0.49,1.3,0.033,12,72,0.99072,3.05,0.53,11.3
45,1:?,1:good,,0.7,7.6,0.2,0.26,4.8,0.033,26,76,0.99076,2.98,0.49,12.3
46,1:?,1:good,,0.88,7,0.22,0.28,10.6,0.039,32,117,0.99355,3.05,0.55,11.5
47,1:?,1:good,,0.96,6.9,0.28,0.24,2.1,0.034,49,121,0.98882,2.98,0.43,13.2
48,1:?,2:bad,,0.81,5.9,0.19,0.21,1.7,0.045,57,135,0.99341,3.32,0.44,9.5
49,1:?,1:good,,0.96,6.1,0.28,0.27,4.7,0.03,56,140,0.99042,3.16,0.42,12.5
50,1:?,2:bad,,1,7.6,0.36,0.49,11.3,0.046,87,221,0.9984,3.01,0.43,9.2
51,1:?,1:good,,0.99,6.5,0.28,0.34,3.6,0.04,29,121,0.99111,3.28,0.48,12.1
52,1:?,1:good,,0.54,6.9,0.19,0.35,6.9,0.045,51,125,0.9933,3.1,0.44,10.7
53,1:?,1:good,,0.99,6.5,0.28,0.34,3.6,0.04,29,121,0.99111,3.28,0.48,12.1
54,1:?,1:good,,0.96,6.1,0.28,0.27,4.7,0.03,56,140,0.99042,3.16,0.42,12.5
55,1:?,2:bad,,1,7.6,0.36,0.49,11.3,0.046,87,221,0.9984,3.01,0.43,9.2
56,1:?,1:good,,0.56,6.6,0.24,0.3,11.3,0.026,11,77,0.99381,3.13,0.55,12.8
57,1:?,1:good,,0.96,6.9,0.28,0.3,8.3,0.026,37,113,0.99139,2.99,0.38,12.3
58,1:?,2:bad,,0.93,6.5,0.25,0.45,7.8,0.048,52,188,0.99576,3.2,0.53,9.1
59,1:?,2:bad,,0.96,6.6,0.26,0.46,7.8,0.047,48,186,0.9958,3.2,0.54,9.1
60,1:?,2:bad,,0.96,6.1,0.33,0.32,7.8,0.052,52,183,0.99657,3.39,0.65,9.5
61,1:?,1:good,,0.55,8.8,0.19,0.3,5,0.028,34,120,0.99242,2.94,0.47,11.2
62,1:?,2:bad,,0.51,8.8,0.27,0.25,5,0.024,52,99,0.9925,2.87,0.49,11.4
63,1:?,2:bad,,0.96,6.1,0.33,0.32,7.8,0.052,52,183,0.99657,3.39,0.65,9.5
64,1:?,1:good,,0.59,6.2,0.23,0.35,0.7,0.051,24,111,0.9916,3.37,0.43,11
65,1:?,1:good,,0.51,8.9,0.3,0.35,4.6,0.032,32,148,0.99458,3.15,0.45,11.5
66,1:?,1:good,,0.51,8.9,0.3,0.35,4.6,0.032,32,148,0.99458,3.15,0.45,11.5
67,1:?,1:good,,1,6.1,0.3,0.3,2.1,0.031,50,163,0.9895,3.39,0.43,12.7
68,1:?,1:good,,0.88,6.7,0.64,0.3,1.2,0.03,18,76,0.9892,3.16,0.6,12.9
69,1:?,1:good,,1,6.1,0.3,0.3,2.1,0.031,50,163,0.9895,3.39,0.43,12.7
70,1:?,2:bad,,0.97,7.6,0.28,0.49,20.15,0.06,30,145,1.00196,3.01,0.44,8.5
71,1:?,1:good,,0.78,6.3,0.29,0.28,4.7,0.059,28,81,0.99036,3.24,0.56,12.7
72,1:?,1:good,,0.88,6.2,0.28,0.28,4.3,0.026,22,105,0.989,2.98,0.64,13.1
73,1:?,1:good,,0.85,7.1,0.18,0.39,14.5,0.051,48,156,0.99947,3.35,0.78,9.1
74,1:?,1:good,,0.85,7.1,0.18,0.39,14.5,0.051,48,156,0.99947,3.35,0.78,9.1
75,1:?,1:good,,0.84,7.8,0.29,0.29,3.15,0.044,41,117,0.99153,3.24,0.35,11.5
76,1:?,1:good,,0.89,6.2,0.255,0.27,1.3,0.037,30,86,0.98834,3.05,0.59,12.9
77,1:?,2:bad,,0.97,6.7,0.4,0.22,8.8,0.052,24,113,0.99576,3.22,0.45,9.4
78,1:?,2:bad,,0.97,6.7,0.3,0.44,18.5,0.057,65,224,0.99956,3.11,0.53,9.1
79,1:?,2:bad,,0.97,6.7,0.4,0.22,8.8,0.052,24,113,0.99576,3.22,0.45,9.4
80,1:?,1:good,,0.92,6.8,0.17,0.32,1.4,0.04,35,106,0.99026,3.16,0.66,12
81,1:?,1:good,,0.61,7.1,0.25,0.28,1.2,0.04,31,111,0.99174,3.18,0.53,11.1
82,1:?,1:good,,0.86,5.9,0.27,0.27,5,0.035,14,97,0.99058,3.1,0.33,11.8
83,1:?,2:bad,,0.97,6.7,0.3,0.44,18.75,0.057,65,224,0.99956,3.11,0.53,9.1
84,1:?,1:good,,0.94,6.6,0.15,0.32,6,0.033,59,128,0.99192,3.19,0.71,12.1
85,1:?,1:good,,0.99,6.7,0.47,0.29,4.75,0.034,29,134,0.99056,3.29,0.46,13
86,1:?,1:good,,0.94,6.6,0.15,0.32,6,0.033,59,128,0.99192,3.19,0.71,12.1
87,1:?,1:good,,0.83,6.6,0.21,0.29,5.35,0.029,43,106,0.99112,2.93,0.43,11.5
88,1:?,1:good,,0.83,6.6,0.21,0.29,5.35,0.029,43,106,0.99112,2.93,0.43,11.5
89,1:?,2:bad,,0.93,8,0.24,0.48,6.8,0.047,13,134,0.99616,3.23,0.7,10
90,1:?,1:good,,0.82,5.8,0.54,0,1.4,0.033,40,107,0.98918,3.26,0.35,12.4
91,1:?,2:bad,,0.86,6,0.39,0.13,1.2,0.042,60,172,0.99114,3.06,0.52,10.6
92,1:?,1:good,,0.87,6.1,0.105,0.31,1.3,0.037,55,145,0.9912,3.41,0.41,11.1
93,1:?,1:good,,0.99,5.8,0.32,0.2,2.6,0.027,17,123,0.98936,3.36,0.78,13.9
94,1:?,1:good,,0.61,6.7,0.24,0.3,3.85,0.042,105,179,0.99189,3.04,0.59,11.3
95,1:?,1:good,,0.99,6.2,0.3,0.31,1.6,0.035,40,106,0.98914,3.26,0.39,12.9
96,1:?,2:bad,,0.92,6.9,0.29,0.41,7.8,0.046,52,171,0.99537,3.12,0.51,9.6
97,1:?,2:bad,,0.94,6.6,0.24,0.27,10.3,0.047,54,219,0.99742,3.04,0.45,8.8
98,1:?,1:good,,0.9,6.6,0.16,0.36,1.1,0.031,27,93,0.98884,3.23,0.34,13.2
99,1:?,1:good,,0.61,6.7,0.24,0.3,3.85,0.042,105,179,0.99189,3.04,0.59,11.3
100,1:?,1:good,,1,6.5,0.3,0.27,4,0.038,37,97,0.99026,3.2,0.6,12.6
101,1:?,1:good,,0.82,6.2,0.37,0.24,6.1,0.032,19,86,0.98934,3.04,0.26,13.4
102,1:?,1:good,,0.76,7.6,0.31,0.24,1.8,0.037,39,150,0.9913,3.05,0.44,11.8
103,1:?,1:good,,0.99,5.9,0.32,0.28,4.7,0.039,34,94,0.98964,3.22,0.57,13.1
104,1:?,1:good,,1,6.5,0.3,0.27,4,0.038,37,97,0.99026,3.2,0.6,12.6
105,1:?,2:bad,,0.81,5.8,0.22,0.3,1.1,0.047,36,131,0.992,3.26,0.45,10.4
106,1:?,1:good,,0.88,5.4,0.45,0.27,6.4,0.033,20,102,0.98944,3.22,0.27,13.4
107,1:?,1:good,,0.87,6.1,0.36,0.26,8.15,0.035,14,88,0.99031,3.06,0.27,13
108,1:?,1:good,,0.82,6.2,0.37,0.24,6.1,0.032,19,86,0.98934,3.04,0.26,13.4
109,1:?,2:bad,,0.7,7.5,0.21,0.32,4.8,0.056,39,113,0.99393,3.11,0.52,10.2
110,1:?,2:bad,,0.73,6.7,0.28,0.31,7.4,0.041,7,81,0.99254,3.04,0.47,11.4
111,1:?,1:good,,0.76,7.6,0.31,0.24,1.8,0.037,39,150,0.9913,3.05,0.44,11.8
112,1:?,1:good,,0.85,6,0.28,0.27,15.5,0.036,31,134,0.99408,3.19,0.44,13
113,1:?,1:good,,0.85,6,0.28,0.27,15.5,0.036,31,134,0.99408,3.19,0.44,13
114,1:?,1:good,,0.86,6.3,0.22,0.28,2.4,0.042,38,102,0.98998,3.14,0.37,11.6
115,1:?,1:good,,0.82,6,0.24,0.28,3.95,0.038,61,134,0.99146,3.3,0.54,11.3
116,1:?,1:good,,0.96,6.1,0.33,0.3,3,0.036,30,124,0.98922,3.31,0.4,13.1
117,1:?,1:good,,0.85,6,0.28,0.27,15.5,0.036,31,134,0.99408,3.19,0.44,13
118,1:?,2:bad,,0.8,6.7,0.29,0.45,14.3,0.054,30,181,0.99869,3.14,0.57,9.1
119,1:?,1:good,,0.95,6.9,0.33,0.31,4.2,0.04,21,93,0.9896,3.18,0.48,13.4
120,1:?,1:good,,0.96,6.5,0.16,0.34,1.4,0.029,29,133,0.99108,3.33,0.64,11.5
121,1:?,1:good,,0.95,6,0.2,0.32,3,0.031,26,118,0.99134,3.38,0.68,11.2
122,1:?,1:good,,0.98,7.1,0.36,0.28,2.4,0.036,35,115,0.98936,3.19,0.44,13.5
123,1:?,2:bad,,0.8,6.7,0.29,0.45,14.3,0.054,30,181,0.99869,3.14,0.57,9.1
124,1:?,1:good,,0.88,6.5,0.19,0.28,1.4,0.046,22,90,0.99038,3.18,0.51,11.7
125,1:?,1:good,,0.97,6.8,0.19,0.33,1.3,0.031,22,87,0.98987,3.08,0.62,12.3
126,1:?,1:good,,0.91,7.2,0.33,0.34,2,0.044,61,171,0.98947,3.25,0.53,13.3
127,1:?,1:good,,0.93,6.6,0.29,0.29,1.8,0.036,38,102,0.98819,3.08,0.42,13.7
128,1:?,1:good,,0.53,7.5,0.2,0.41,1.2,0.05,26,131,0.99133,3.19,0.52,11.1
129,1:?,1:good,,0.96,6.9,0.33,0.62,7.5,0.038,46,132,0.99143,3.23,0.43,13.4
130,1:?,2:bad,,0.93,6,0.23,0.15,9.7,0.048,101,207,0.99571,3.05,0.3,9.1
131,1:?,1:good,,0.71,5.9,0.23,0.24,3.8,0.038,61,152,0.99139,3.31,0.5,11.3
132,1:?,2:bad,,1,6.6,0.32,0.41,7.2,0.048,55,178,0.99537,3.2,0.46,9.4
133,1:?,2:bad,,0.93,6,0.23,0.15,9.7,0.048,101,207,0.99571,3.05,0.3,9.1
134,1:?,2:bad,,0.59,6.9,0.75,0.13,6.3,0.036,19,50,0.99312,3.09,0.25,11.1
135,1:?,1:good,,0.99,7.1,0.35,0.27,3.1,0.034,28,134,0.9897,3.26,0.38,13.1
136,1:?,2:bad,,0.99,7.2,0.31,0.35,7.2,0.046,45,178,0.9955,3.14,0.53,9.7
137,1:?,2:bad,,1,6.4,0.28,0.44,7.1,0.048,49,179,0.99528,3.15,0.48,9.2
138,1:?,2:bad,,0.99,7.2,0.31,0.35,7.2,0.046,45,178,0.9955,3.14,0.53,9.7
139,1:?,2:bad,,1,6.4,0.28,0.44,7.1,0.048,49,179,0.99528,3.15,0.48,9.2
140,1:?,2:bad,,0.88,6.2,0.27,0.47,1.2,0.146,28,105,0.99224,3.23,0.51,10.1
141,1:?,1:good,,0.93,6.5,0.28,0.25,4.8,0.029,54,128,0.99074,3.17,0.44,12.2
142,1:?,1:good,,0.78,4.8,0.21,0.21,10.2,0.037,17,112,0.99324,3.66,0.48,12.2
143,1:?,2:bad,,0.85,7.5,0.34,0.24,3.85,0.031,5,34,0.99098,3.01,0.36,11.8
144,1:?,2:bad,,1,7,0.48,0.12,4.5,0.05,23,86,0.99398,2.86,0.35,9
145,1:?,2:bad,,1,7,0.48,0.12,4.5,0.05,23,86,0.99398,2.86,0.35,9
146,1:?,1:good,,0.76,7.8,0.15,0.34,1.1,0.035,31,93,0.99096,3.07,0.72,11.3
147,1:?,2:bad,,0.82,5.9,0.655,0,5.6,0.033,8,31,0.9936,3.32,0.51,10.5
148,1:?,1:good,,0.72,6.8,0.18,0.28,1.1,0.027,32,112,0.99089,3.15,0.45,11
149,1:?,2:bad,,0.71,7.4,0.28,0.36,14.6,0.048,35,161,0.9968,3.14,0.56,10.6
150,1:?,1:good,,0.88,7.3,0.23,0.27,2.6,0.035,39,120,0.99138,3.04,0.59,11.3
151,1:?,2:bad,,0.85,6.7,0.22,0.22,1.2,0.038,5,124,0.99098,3.1,0.37,11.2
152,1:?,1:good,,0.56,7.4,0.25,0.28,7.25,0.028,14,78,0.99238,2.94,0.37,11.5
153,1:?,1:good,,0.6,7.5,0.3,0.21,6.55,0.026,33,143,0.99244,2.92,0.35,11.1
154,1:?,1:good,,0.86,7.2,0.26,0.24,7,0.023,19,130,0.99176,3.14,0.49,12.8
155,1:?,1:good,,0.56,7.4,0.25,0.28,7.25,0.028,14,78,0.99238,2.94,0.37,11.5
156,1:?,1:good,,0.72,7,0.24,0.35,1,0.032,42,104,0.98988,3.16,0.37,11.7
157,1:?,1:good,,0.55,5.8,0.28,0.28,4.2,0.044,52,158,0.992,3.35,0.44,10.7
158,1:?,1:good,,0.94,6.6,0.19,0.35,1.5,0.037,37,107,0.99006,3.18,0.68,12
159,1:?,2:bad,,0.62,6.4,0.28,0.36,1.3,0.053,28,186,0.99211,3.31,0.45,10.8
160,1:?,1:good,,0.54,5.6,0.28,0.27,3.9,0.043,52,158,0.99202,3.35,0.44,10.7
161,1:?,1:good,,0.54,5.6,0.28,0.28,4.2,0.044,52,158,0.992,3.35,0.44,10.7
162,1:?,1:good,,0.56,6.8,0.19,0.32,7.6,0.049,37,107,0.99332,3.12,0.44,10.7
163,1:?,1:good,,0.89,7.2,0.16,0.29,1,0.031,40,123,0.98958,3.12,0.4,12.1
164,1:?,1:good,,0.82,6.6,0.17,0.28,1.1,0.034,55,108,0.98939,3,0.52,11.9
165,1:?,1:good,,0.93,5.8,0.2,0.24,1.4,0.033,65,169,0.99043,3.59,0.56,12.3
166,1:?,1:good,,0.61,6.6,0.295,0.24,1.6,0.039,29,140,0.99304,3.35,0.61,10.4
167,1:?,1:good,,0.96,7,0.32,0.27,7.1,0.027,37,122,0.99165,3.15,0.6,12.6
168,1:?,2:bad,,0.98,6.7,0.35,0.48,8.8,0.056,35,167,0.99628,3.04,0.47,9.4
169,1:?,2:bad,,1,6.4,0.38,0.24,7.2,0.047,41,151,0.99604,3.11,0.6,9.2
170,1:?,2:bad,,0.98,6.7,0.35,0.48,8.8,0.056,35,167,0.99628,3.04,0.47,9.4
171,1:?,2:bad,,1,6.4,0.38,0.24,7.2,0.047,41,151,0.99604,3.11,0.6,9.2
172,1:?,2:bad,,0.99,7.7,0.32,0.61,11.8,0.041,66,188,0.99794,3,0.54,9.3
173,1:?,2:bad,,0.51,7,0.29,0.33,0.9,0.041,20,117,0.99048,3.21,0.5,11.4
174,1:?,2:bad,,0.82,7.1,0.27,0.24,12.6,0.044,48,118,0.99726,3.04,0.56,10
175,1:?,2:bad,,0.52,6.3,0.2,0.26,4.7,0.04,108,168,0.99278,3.07,0.75,10.7
176,1:?,2:bad,,0.82,7.1,0.27,0.24,12.6,0.044,48,118,0.99726,3.04,0.56,10
177,1:?,1:good,,0.88,6.6,0.36,0.28,6.1,0.029,12,93,0.99054,3.19,0.27,12.8
178,1:?,2:bad,,0.99,7.7,0.32,0.61,11.8,0.041,66,188,0.99794,3,0.54,9.3
179,1:?,2:bad,,0.51,7,0.29,0.33,0.9,0.041,20,117,0.99048,3.21,0.5,11.4
180,1:?,2:bad,,1,6.4,0.37,0.2,5.6,0.117,61,183,0.99459,3.24,0.43,9.5
181,1:?,1:good,,0.64,7.6,0.31,0.27,8.8,0.021,57,156,0.99442,3.08,0.38,11
182,1:?,1:good,,0.79,6.5,0.26,0.39,1.4,0.02,12,66,0.99089,3.25,0.75,11.3
183,1:?,2:bad,,0.52,8.7,0.3,0.34,4.8,0.018,23,127,0.99474,3.12,0.49,11.2
184,1:?,1:good,,0.99,6.4,0.29,0.32,2.4,0.014,34,89,0.99008,3.24,0.66,12.5
185,1:?,1:good,,0.69,6.4,0.24,0.23,2,0.046,30,133,0.9908,3.12,0.54,11.4
186,1:?,2:bad,,0.66,7.2,0.33,0.22,4.5,0.031,10,73,0.99076,2.97,0.52,12.2
187,1:?,1:good,,0.91,6.4,0.29,0.24,3.2,0.037,31,95,0.98942,2.9,0.66,12.6
188,1:?,1:good,,0.69,7.3,0.31,0.25,6.65,0.032,30,138,0.99244,2.9,0.37,11.1
189,1:?,2:bad,,0.77,6.9,0.19,0.6,4,0.037,6,122,0.99255,2.92,0.59,10.4
190,1:?,1:good,,0.83,6.8,0.52,0.26,5.7,0.038,27,130,0.99,3.11,0.27,13
191,1:?,1:good,,0.87,7.1,0.28,0.28,8.5,0.03,25,191,0.99338,3.16,0.46,12.2
192,1:?,2:bad,,0.59,5.7,0.15,0.47,11.4,0.035,49,128,0.99456,3.03,0.34,10.5
193,1:?,1:good,,0.68,5.8,0.275,0.3,5.4,0.043,41,149,0.9926,3.33,0.42,10.8
194,1:?,1:good,,0.9,5.4,0.53,0.16,2.7,0.036,34,128,0.98856,3.2,0.53,13.2
195,1:?,1:good,,0.99,5.8,0.32,0.28,4.3,0.032,46,115,0.98946,3.16,0.57,13
196,1:?,2:bad,,0.64,6.1,0.6,0.12,1.8,0.05,11,76,0.99268,3.42,0.48,10.4
197,1:?,1:good,,0.96,5,0.29,0.54,5.7,0.035,54,155,0.98976,3.27,0.34,12.9
198,1:?,1:good,,0.9,5.4,0.53,0.16,2.7,0.036,34,128,0.98856,3.2,0.53,13.2
199,1:?,1:good,,0.54,6.8,0.21,0.26,11.7,0.038,61,152,0.99523,3.02,0.56,10.5
200,1:?,1:good,,0.99,5.8,0.32,0.28,4.3,0.032,46,115,0.98946,3.16,0.57,13
201,1:?,2:bad,,0.68,6.5,0.27,0.26,11,0.03,2,82,0.99402,3.07,0.36,11.2
202,1:?,1:good,,0.99,5.9,0.37,0.32,1.6,0.029,41,102,0.98916,3.41,0.55,12.7
203,1:?,1:good,,0.97,6.8,0.3,0.29,6.2,0.025,29,95,0.99071,3.03,0.32,12.9
204,1:?,1:good,,0.66,7.3,0.41,0.29,1.8,0.032,26,74,0.98889,2.96,0.35,13
205,1:?,1:good,,0.9,5.4,0.3,0.3,1.2,0.029,25,93,0.98742,3.31,0.4,13.6
206,1:?,2:bad,,0.99,6.6,0.34,0.2,1,0.053,26,112,0.99336,3.32,0.55,9.1
207,1:?,1:good,,0.9,5.3,0.3,0.3,1.2,0.029,25,93,0.98742,3.31,0.4,13.6
208,1:?,2:bad,,0.89,7.2,0.23,0.25,18.8,0.085,19,111,1.00044,3.1,0.51,8.7
209,1:?,2:bad,,0.58,7.1,0.2,0.27,9.6,0.037,19,105,0.99444,3.04,0.37,10.5
210,1:?,1:good,,0.95,7,0.22,0.26,9.2,0.027,37,122,0.99228,3.06,0.34,12.5
211,1:?,1:good,,0.9,6.4,0.16,0.44,1.2,0.051,39,122,0.99058,3.11,0.75,11.3
212,1:?,1:good,,0.98,6.8,0.31,0.3,8,0.028,33,122,0.99164,3.13,0.63,12.6
213,1:?,2:bad,,0.99,7.6,0.3,0.37,1.6,0.087,27,177,0.99438,3.09,0.5,9.8
214,1:?,1:good,,0.52,6,0.16,0.27,12,0.03,39,98,0.99402,3.15,0.34,10.8
215,1:?,1:good,,0.95,7,0.22,0.26,9.2,0.027,37,122,0.99228,3.06,0.34,12.5
216,1:?,1:good,,0.87,5.6,0.21,0.24,4.4,0.027,37,150,0.991,3.3,0.31,11.5
217,1:?,2:bad,,0.58,7.1,0.2,0.27,9.6,0.037,19,105,0.99444,3.04,0.37,10.5
218,1:?,1:good,,0.98,6.8,0.31,0.3,8,0.028,33,122,0.99164,3.13,0.63,12.6
219,1:?,2:bad,,0.89,7.2,0.23,0.25,18.8,0.085,19,111,1.00044,3.1,0.51,8.7
220,1:?,1:good,,0.9,6.4,0.16,0.44,1.2,0.051,39,122,0.99058,3.11,0.75,11.3
221,1:?,2:bad,,0.99,7.6,0.3,0.37,1.6,0.087,27,177,0.99438,3.09,0.5,9.8
222,1:?,2:bad,,0.92,7,0.3,0.27,1.5,0.076,24,145,0.99344,3.1,0.52,10.1
223,1:?,2:bad,,0.93,6.6,0.26,0.22,18.15,0.05,23,139,0.99904,3.06,0.5,9.2
224,1:?,2:bad,,1,7.7,0.35,0.46,11.8,0.088,61,183,0.99786,2.86,0.47,9
225,1:?,2:bad,,0.92,6.7,0.31,0.09,1.4,0.039,53,141,0.99206,3.12,0.44,10.1
226,1:?,2:bad,,0.6,4.7,0.67,0.09,1,0.02,5,9,0.98722,3.3,0.34,13.6
227,1:?,2:bad,,0.87,6.3,0.2,0.18,10.6,0.045,57,159,0.99666,3.09,0.54,9.2
228,1:?,2:bad,,0.99,6.6,0.28,0.23,10.4,0.049,45,190,0.99754,3.12,0.51,8.8
229,1:?,2:bad,,0.73,8.5,0.18,0.3,1.1,0.028,34,95,0.99272,2.83,0.36,10
230,1:?,2:bad,,0.52,6.8,0.22,0.26,1.2,0.041,29,182,0.99104,3.04,0.35,11.2
231,1:?,2:bad,,0.93,6.6,0.26,0.22,18.15,0.05,23,139,0.99904,3.06,0.5,9.2
232,1:?,2:bad,,0.96,6.6,0.3,0.45,8,0.038,54,200,0.9956,3.18,0.48,9.5
233,1:?,1:good,,0.94,6.3,0.34,0.27,2.5,0.024,40,152,0.99095,3.35,0.6,11.9
234,1:?,2:bad,,0.98,7.7,0.3,0.23,2,0.068,28,138,0.99382,3.11,0.62,9.8
235,1:?,2:bad,,0.99,7.7,0.31,0.23,2,0.069,29,134,0.99382,3.11,0.62,9.8
236,1:?,1:good,,0.78,5.7,0.265,0.28,6.9,0.036,46,150,0.99299,3.36,0.44,10.8
237,1:?,1:good,,0.9,4.8,0.17,0.28,2.9,0.03,22,111,0.9902,3.38,0.34,11.3
238,1:?,1:good,,0.78,5.7,0.265,0.28,6.9,0.036,46,150,0.99299,3.36,0.44,10.8
239,1:?,1:good,,0.72,6.2,0.2,0.33,5.4,0.028,21,75,0.99012,3.36,0.41,13.5
240,1:?,2:bad,,0.92,7.5,0.28,0.41,1.3,0.044,11,126,0.99293,3.28,0.45,10.3
241,1:?,2:bad,,0.92,7.5,0.28,0.41,1.3,0.044,11,126,0.99293,3.28,0.45,10.3
242,1:?,2:bad,,0.67,6,0.21,0.29,13.1,0.042,28,125,0.99936,3.39,0.45,8.6
243,1:?,1:good,,0.9,6.5,0.32,0.48,8,0.026,18,88,0.99144,3.22,0.79,12.7
244,1:?,2:bad,,0.71,7.1,0.21,0.72,1.6,0.167,65,120,0.99324,2.97,0.51,9.2
245,1:?,2:bad,,0.53,7,0.15,0.28,14.7,0.051,29,149,0.99792,2.96,0.39,9
246,1:?,2:bad,,0.53,7,0.15,0.28,14.7,0.051,29,149,0.99792,2.96,0.39,9
247,1:?,2:bad,,0.53,7,0.15,0.28,14.7,0.051,29,149,0.99792,2.96,0.39,9
248,1:?,2:bad,,0.53,7,0.15,0.28,14.7,0.051,29,149,0.99792,2.96,0.39,9
249,1:?,2:bad,,0.53,7,0.15,0.28,14.7,0.051,29,149,0.99792,2.96,0.39,9
250,1:?,2:bad,,0.53,7,0.15,0.28,14.7,0.051,29,149,0.99792,2.96,0.39,9
251,1:?,2:bad,,0.53,7,0.15,0.28,14.7,0.051,29,149,0.99792,2.96,0.39,9
252,1:?,1:good,,0.78,7.4,0.27,0.28,1.8,0.04,45,121,0.99043,3.02,0.4,11.9
253,1:?,2:bad,,0.96,6.2,0.24,0.25,12.5,0.055,47,134,0.99758,3.3,0.51,9
254,1:?,2:bad,,0.53,7,0.15,0.28,14.7,0.051,29,149,0.99792,2.96,0.39,9
255,1:?,2:bad,,0.9,5.5,0.17,0.23,2.9,0.039,10,108,0.99243,3.28,0.5,10
256,1:?,2:bad,,0.62,6.5,0.26,0.34,1.4,0.04,25,184,0.99216,3.29,0.46,10.7
257,1:?,2:bad,,0.69,6.6,0.27,0.33,1.4,0.042,24,183,0.99215,3.29,0.46,10.7
258,1:?,1:good,,1,5.4,0.46,0.15,2.1,0.026,29,130,0.98953,3.39,0.77,13.4
259,1:?,2:bad,,0.9,5.5,0.17,0.23,2.9,0.039,10,108,0.99243,3.28,0.5,10
260,1:?,2:bad,,0.62,6.5,0.26,0.34,1.4,0.04,25,184,0.99216,3.29,0.46,10.7
261,1:?,2:bad,,0.69,6.6,0.27,0.33,1.4,0.042,24,183,0.99215,3.29,0.46,10.7
262,1:?,1:good,,0.94,6.1,0.17,0.28,2.5,0.028,22,98,0.99072,3.16,0.37,11.1
263,1:?,2:bad,,0.65,7.4,0.2,0.35,6.1,0.025,10,40,0.99244,2.79,0.52,10.9
264,1:?,1:good,,0.75,6.7,0.39,0.24,2.7,0.017,22,80,0.99084,3.03,0.37,11.5
265,1:?,1:good,,1,5.4,0.46,0.15,2.1,0.026,29,130,0.98953,3.39,0.77,13.4
266,1:?,2:bad,,0.94,6.9,0.4,0.17,12.9,0.033,59,186,0.99754,3.08,0.49,9.4
267,1:?,2:bad,,0.94,6.9,0.4,0.17,12.9,0.033,59,186,0.99754,3.08,0.49,9.4
268,1:?,2:bad,,0.94,6.9,0.4,0.17,12.9,0.033,59,186,0.99754,3.08,0.49,9.4
269,1:?,2:bad,,0.94,6.9,0.4,0.17,12.9,0.033,59,186,0.99754,3.08,0.49,9.4
270,1:?,1:good,,0.88,7.4,0.27,0.31,2.4,0.014,15,143,0.99094,3.03,0.65,12
271,1:?,1:good,,0.84,5,0.61,0.12,1.3,0.009,65,100,0.9874,3.26,0.37,13.5
272,1:?,2:bad,,0.92,6.7,0.42,0.39,12.1,0.04,61,248,0.99794,3.31,0.58,9.7
273,1:?,1:good,,0.99,6.9,0.33,0.31,7.7,0.04,29,135,0.99226,3.11,0.57,12.3
274,1:?,1:good,,0.94,6.3,0.15,0.3,1.4,0.022,38,100,0.99099,3.42,0.57,11.4
275,1:?,1:good,,0.98,6.5,0.32,0.45,7.7,0.022,31,97,0.99134,3.2,0.7,12.7
276,1:?,2:bad,,0.92,6.7,0.42,0.39,12.1,0.04,61,248,0.99794,3.31,0.58,9.7
277,1:?,2:bad,,0.99,6.4,0.27,0.45,8.3,0.05,52,196,0.9955,3.18,0.48,9.5
278,1:?,1:good,,0.78,5.6,0.19,0.31,2.7,0.027,11,100,0.98964,3.46,0.4,13.2
279,1:?,2:bad,,1,7.4,0.29,0.48,12.8,0.037,61.5,182,0.99808,3.02,0.34,8.8
280,1:?,2:bad,,1,6.4,0.34,0.44,8.2,0.043,54,201,0.99551,3.18,0.48,9.5
281,1:?,2:bad,,0.99,6.6,0.27,0.52,8.1,0.044,53,202,0.99548,3.18,0.48,9.5
282,1:?,2:bad,,0.99,6.4,0.27,0.45,8.3,0.05,52,196,0.9955,3.18,0.48,9.5
283,1:?,2:bad,,0.97,6.5,0.26,0.5,8,0.051,46,197,0.99536,3.18,0.47,9.5
284,1:?,2:bad,,0.79,5.5,0.24,0.45,1.7,0.046,22,113,0.99224,3.22,0.48,10
285,1:?,2:bad,,1,7,0.39,0.21,10.7,0.098,13,91,0.99657,3.03,0.47,9.3
286,1:?,2:bad,,0.64,7.9,0.21,0.39,2,0.057,21,138,0.99176,3.05,0.52,10.9
287,1:?,1:good,,0.6,7,0.3,0.28,2.2,0.042,21,177,0.99166,3.2,0.57,11.4
288,1:?,2:bad,,0.79,8.1,0.2,0.3,1.3,0.036,7,49,0.99242,2.99,0.73,10.3
289,1:?,2:bad,,0.64,7.9,0.21,0.39,2,0.057,21,138,0.99176,3.05,0.52,10.9
290,1:?,2:bad,,0.79,8.1,0.2,0.3,1.3,0.036,7,49,0.99242,2.99,0.73,10.3
291,1:?,2:bad,,1,7,0.39,0.21,10.7,0.098,13,91,0.99657,3.03,0.47,9.3
292,1:?,2:bad,,0.8,6.8,0.21,0.62,6.4,0.041,7,113,0.99358,2.96,0.59,10.2
293,1:?,2:bad,,0.72,6.8,0.26,0.34,15.1,0.06,42,162,0.99705,3.24,0.52,10.5
294,1:?,1:good,,0.52,7.2,0.28,0.38,2,0.052,23,156,0.9912,3.13,0.52,11.1
295,1:?,2:bad,,0.64,7.9,0.21,0.39,2,0.057,21,138,0.99176,3.05,0.52,10.9
296,1:?,1:good,,0.6,7,0.3,0.28,2.2,0.042,21,177,0.99166,3.2,0.57,11.4
297,1:?,2:bad,,0.9,7.4,0.34,0.28,12.1,0.049,31,149,0.99677,3.22,0.49,10.3
298,1:?,1:good,,0.91,6.3,0.43,0.32,8.8,0.042,18,106,0.99172,3.28,0.33,12.9
299,1:?,2:bad,,0.95,6.8,0.41,0.3,8.8,0.045,28,131,0.9953,3.12,0.59,9.9
300,1:?,2:bad,,0.55,6.3,0.3,0.2,3.7,0.039,34,132,0.99158,3,0.38,10.7
301,1:?,2:bad,,0.95,6.7,0.26,0.49,8.1,0.052,48,197,0.99558,3.19,0.48,9.5
302,1:?,1:good,,0.86,7.3,0.24,0.3,2.5,0.042,31,104,0.9911,3.05,0.56,11.3
303,1:?,2:bad,,0.51,5.1,0.23,0.18,1,0.053,13,99,0.98956,3.22,0.39,11.5
304,1:?,1:good,,0.97,7.1,0.44,0.23,5.8,0.035,24,100,0.99062,3.15,0.57,13.2
305,1:?,1:good,,0.8,4.8,0.26,0.23,10.6,0.034,23,111,0.99274,3.46,0.28,11.5
306,1:?,2:bad,,0.96,6.8,0.31,0.19,3.5,0.086,30,130,0.993,2.83,0.44,9.6
307,1:?,2:bad,,0.96,6.8,0.31,0.19,3.5,0.086,30,130,0.993,2.83,0.44,9.6
308,1:?,2:bad,,0.98,6.5,0.41,0.22,4.8,0.052,49,142,0.9946,3.14,0.62,9.2
309,1:?,2:bad,,0.98,6.2,0.31,0.23,3.3,0.052,34,113,0.99429,3.16,0.48,8.4
310,1:?,2:bad,,0.98,6.5,0.41,0.22,4.8,0.052,49,142,0.9946,3.14,0.62,9.2
311,1:?,2:bad,,0.98,6.2,0.31,0.23,3.3,0.052,34,113,0.99429,3.16,0.48,8.4
312,1:?,1:good,,0.98,7.5,0.34,0.28,4,0.028,46,100,0.98958,3.2,0.5,13.2
313,1:?,2:bad,,0.94,6.4,0.32,0.23,16.2,0.055,36,176,0.9986,3.26,0.54,9.1
314,1:?,2:bad,,0.94,6.4,0.32,0.23,16.2,0.055,36,176,0.9986,3.26,0.54,9.1
315,1:?,2:bad,,0.9,8.2,0.31,0.43,7,0.047,18,87,0.99628,3.23,0.64,10.6
316,1:?,1:good,,0.95,5.9,0.17,0.29,3.1,0.03,32,123,0.98913,3.41,0.33,13.7
317,1:?,1:good,,0.96,6.6,0.32,0.26,4.6,0.031,26,120,0.99198,3.4,0.73,12.5
318,1:?,2:bad,,0.94,7.3,0.25,0.26,7.2,0.048,52,207,0.99587,3.12,0.37,9.2
319,1:?,2:bad,,0.94,7.3,0.25,0.26,7.2,0.048,52,207,0.99587,3.12,0.37,9.2
320,1:?,1:good,,0.95,6.6,0.39,0.22,4,0.038,17,98,0.99018,3.25,0.53,13
321,1:?,2:bad,,0.94,7.3,0.25,0.26,7.2,0.048,52,207,0.99587,3.12,0.37,9.2
322,1:?,2:bad,,0.96,7.3,0.36,0.54,13.3,0.054,63,193,0.99864,3.06,0.49,8.6
323,1:?,2:bad,,0.99,7.6,0.37,0.51,11.7,0.094,58,181,0.99776,2.91,0.51,9
324,1:?,2:bad,,0.95,6.7,0.26,0.51,8,0.062,50,194,0.99545,3.13,0.5,9.6
325,1:?,1:good,,0.53,7.4,0.22,0.27,1.6,0.057,45,98,0.99299,3.29,0.44,9.9
326,1:?,2:bad,,0.87,6.1,0.22,0.28,16.55,0.059,54,135,0.99665,3.2,0.38,10.5
327,1:?,1:good,,0.65,7.1,0.28,0.31,1.5,0.053,20,98,0.99069,3.15,0.5,11.4
328,1:?,2:bad,,0.98,6.5,0.35,0.31,10.2,0.069,58,170,0.99692,3.18,0.49,9.4
329,1:?,2:bad,,0.7,6.8,0.73,0.2,6.6,0.054,25,65,0.99324,3.12,0.28,11.1
330,1:?,2:bad,,0.51,7.1,0.2,0.37,1.5,0.049,28,129,0.99226,3.15,0.52,10.8
331,1:?,2:bad,,0.51,7.1,0.2,0.37,1.5,0.049,28,129,0.99226,3.15,0.52,10.8
332,1:?,2:bad,,0.66,6,0.21,0.3,8.7,0.036,47,127,0.99368,3.18,0.39,10.6
333,1:?,2:bad,,1,7,0.34,0.1,3.5,0.044,17,63,0.9937,3.01,0.39,9.2
334,1:?,1:good,,0.52,8.5,0.23,0.34,1.3,0.035,54,110,0.99176,3.07,0.55,11
335,1:?,2:bad,,0.66,6,0.21,0.3,8.7,0.036,47,127,0.99368,3.18,0.39,10.6
336,1:?,2:bad,,1,7,0.34,0.1,3.5,0.044,17,63,0.9937,3.01,0.39,9.2
337,1:?,2:bad,,0.67,4.8,0.65,0.12,1.1,0.013,4,10,0.99246,3.32,0.36,13.5
338,1:?,1:good,,0.96,5,0.455,0.18,1.9,0.036,33,106,0.98746,3.21,0.83,14
339,1:?,1:good,,0.99,6.5,0.33,0.3,3.8,0.036,34,88,0.99028,3.25,0.63,12.5
340,1:?,1:good,,0.99,6.5,0.33,0.3,3.8,0.036,34,88,0.99028,3.25,0.63,12.5
341,1:?,1:good,,0.93,6.7,0.31,0.3,2.4,0.038,30,83,0.98867,3.09,0.36,12.8
342,1:?,1:good,,0.78,6.2,0.39,0.24,4.8,0.037,45,138,0.99174,3.23,0.43,11.2
343,1:?,1:good,,0.78,6.2,0.39,0.24,4.8,0.037,45,138,0.99174,3.23,0.43,11.2
344,1:?,1:good,,0.99,6.5,0.33,0.3,3.8,0.036,34,88,0.99028,3.25,0.63,12.5
345,1:?,1:good,,0.78,6.2,0.39,0.24,4.8,0.037,45,138,0.99174,3.23,0.43,11.2
346,1:?,1:good,,0.96,4.7,0.455,0.18,1.9,0.036,33,106,0.98746,3.21,0.83,14
347,1:?,2:bad,,0.98,6.2,0.28,0.51,7.9,0.056,49,206,0.9956,3.18,0.52,9.4
348,1:?,1:good,,0.92,6.4,0.35,0.28,1.6,0.037,31,113,0.98779,3.12,0.4,14.2
349,1:?,2:bad,,0.86,7.3,0.36,0.34,14.8,0.057,46,173,0.99751,3.14,0.57,10.2
350,1:?,1:good,,0.93,6.7,0.31,0.3,2.4,0.038,30,83,0.98867,3.09,0.36,12.8
351,1:?,2:bad,,0.99,8.6,0.31,0.3,0.9,0.045,16,109,0.99249,2.95,0.39,10.1
352,1:?,2:bad,,0.99,8.6,0.31,0.3,0.9,0.045,16,109,0.99249,2.95,0.39,10.1
353,1:?,2:bad,,0.59,8.6,0.22,0.33,1.2,0.031,38,95,0.99239,2.83,0.31,10.3
354,1:?,1:good,,0.77,6.5,0.22,0.31,3.9,0.046,17,106,0.99098,3.15,0.31,11.5
355,1:?,2:bad,,0.94,6.6,0.32,0.47,15.6,0.063,27,173,0.99872,3.18,0.56,9
356,1:?,2:bad,,0.94,6.6,0.32,0.47,15.6,0.063,27,173,0.99872,3.18,0.56,9
357,1:?,1:good,,0.84,6.9,0.22,0.28,7.8,0.05,43,116,0.99326,3.22,0.6,11.5
358,1:?,2:bad,,0.66,8.7,0.31,0.21,5.6,0.039,28,67,0.99328,2.96,0.52,11
359,1:?,2:bad,,0.99,7,0.46,0.2,16.7,0.046,50,184,0.99898,3.08,0.56,9.4
360,1:?,2:bad,,0.97,6.5,0.36,0.36,6.7,0.185,51.5,151,0.99528,3.17,0.42,9.3
361,1:?,2:bad,,1,6.9,0.4,0.37,8.9,0.053,36,148,0.996,3.16,0.5,9.3
362,1:?,2:bad,,0.9,4.9,0.345,0.34,1,0.068,32,143,0.99138,3.24,0.4,10.1
363,1:?,1:good,,0.96,6.1,0.3,0.32,2.2,0.042,41,142,0.98952,3.31,0.44,12.7
364,1:?,2:bad,,0.82,5.7,0.14,0.3,5.4,0.045,26,105,0.99469,3.32,0.45,9.3
365,1:?,2:bad,,1,6.9,0.4,0.37,8.9,0.053,36,148,0.996,3.16,0.5,9.3
366,1:?,2:bad,,0.9,4.9,0.345,0.34,1,0.068,32,143,0.99138,3.24,0.4,10.1
367,1:?,2:bad,,1,6.3,0.33,0.2,17.9,0.066,36,161,0.9991,3.14,0.51,8.8
368,1:?,1:good,,0.51,8.4,0.22,0.3,1.3,0.038,45,122,0.99178,3.13,0.54,10.8
369,1:?,2:bad,,1,6.3,0.33,0.2,17.9,0.066,36,161,0.9991,3.14,0.51,8.8
370,1:?,2:bad,,0.85,5.4,0.24,0.18,2.3,0.05,22,145,0.99207,3.24,0.46,10.3
371,1:?,1:good,,0.83,7.7,0.31,0.36,4.3,0.026,15,87,0.99152,3.11,0.48,12
372,1:?,2:bad,,1,7.6,0.39,0.46,11.7,0.084,55,170,0.99773,2.91,0.51,9
373,1:?,1:good,,0.88,7.2,0.58,0.27,5.8,0.032,40,118,0.99088,3.17,0.53,13
374,1:?,1:good,,0.83,6,0.34,0.32,3.8,0.044,13,116,0.99108,3.39,0.44,11.8
375,1:?,2:bad,,0.98,7.5,0.35,0.48,12.4,0.056,61,176.5,0.99803,2.97,0.52,8.8
376,1:?,2:bad,,0.6,7.3,0.38,0.23,6.5,0.05,18,102,0.99304,3.1,0.55,11.2
377,1:?,2:bad,,0.97,6.3,0.27,0.51,7.6,0.049,35,200,0.99548,3.16,0.54,9.4
378,1:?,1:good,,0.58,6.7,0.18,0.31,10.6,0.035,42,143,0.99572,3.08,0.49,9.8
379,1:?,2:bad,,0.97,6.3,0.27,0.51,7.6,0.049,35,200,0.99548,3.16,0.54,9.4
380,1:?,1:good,,0.89,6.1,0.24,0.26,1.7,0.033,61,134,0.9903,3.19,0.81,11.9
381,1:?,1:good,,0.96,7,0.32,0.29,7.6,0.025,35,124,0.99162,3.15,0.65,12.8
382,1:?,2:bad,,0.63,6.5,0.29,0.53,1.7,0.04,41,192,0.9922,3.26,0.59,10.4
383,1:?,2:bad,,0.61,6.1,0.22,0.25,12.1,0.035,54,135,0.99481,3.21,0.4,10.7
384,1:?,1:good,,0.54,6.3,0.22,0.27,4.5,0.036,81,157,0.9928,3.05,0.76,10.7
385,1:?,1:good,,0.89,6.1,0.24,0.26,1.7,0.033,61,134,0.9903,3.19,0.81,11.9
386,1:?,1:good,,0.96,7,0.32,0.29,7.6,0.025,35,124,0.99162,3.15,0.65,12.8
387,1:?,2:bad,,0.67,6.9,0.2,0.41,1.1,0.06,36,104,0.99317,2.99,0.39,9.2
388,1:?,1:good,,0.56,6.7,0.19,0.32,3.7,0.041,26,76,0.99173,2.9,0.57,10.5
389,1:?,1:good,,0.8,6.7,0.28,0.34,8.9,0.048,32,111,0.99455,3.25,0.54,11
390,1:?,1:good,,0.8,6.7,0.28,0.34,8.9,0.048,32,111,0.99455,3.25,0.54,11
391,1:?,2:bad,,0.64,8,0.37,0.31,4.7,0.038,3,127,0.99186,2.9,0.72,12.1
392,1:?,1:good,,0.8,6.7,0.28,0.34,8.9,0.048,32,111,0.99455,3.25,0.54,11
393,1:?,1:good,,0.92,6,0.26,0.29,3.1,0.041,37,144,0.98944,3.22,0.39,12.8
394,1:?,2:bad,,0.84,6.4,0.25,0.57,1,0.062,21,122,0.99238,3,0.4,9.5
395,1:?,1:good,,0.95,6.5,0.38,0.26,5.2,0.042,33,112,0.99067,3.06,0.5,12.3
396,1:?,2:bad,,0.84,6.4,0.25,0.57,1,0.062,21,122,0.99238,3,0.4,9.5
397,1:?,1:good,,0.92,6,0.26,0.29,3.1,0.041,37,144,0.98944,3.22,0.39,12.8
398,1:?,2:bad,,0.99,6.2,0.32,0.12,4.8,0.054,6,97,0.99424,3.16,0.5,9.3
399,1:?,2:bad,,0.99,7.2,0.4,0.24,8.5,0.055,45,151,0.99626,3.2,0.52,9.2
400,1:?,2:bad,,0.99,6.2,0.32,0.12,4.8,0.054,6,97,0.99424,3.16,0.5,9.3
401,1:?,2:bad,,0.98,6.4,0.37,0.12,5.9,0.056,6,91,0.99536,3.06,0.46,8.4
402,1:?,2:bad,,0.79,7,0.23,0.42,1.1,0.062,35,100,0.99318,3.04,0.4,9.2
403,1:?,2:bad,,0.99,7.2,0.4,0.24,8.5,0.055,45,151,0.99626,3.2,0.52,9.2
404,1:?,2:bad,,0.88,6.4,0.26,0.26,1.1,0.052,22,176,0.99304,3.09,0.54,9.3
405,1:?,1:good,,0.68,6.9,0.19,0.38,1.15,0.023,30,105,0.99047,3.11,0.38,11.4
406,1:?,2:bad,,0.92,6.4,0.29,0.57,1,0.06,15,120,0.9924,3.06,0.41,9.5
407,1:?,2:bad,,0.94,6.8,0.27,0.22,17.8,0.034,16,116,0.9989,3.07,0.53,9.2
408,1:?,2:bad,,0.94,6.8,0.27,0.22,17.8,0.034,16,116,0.9989,3.07,0.53,9.2
409,1:?,2:bad,,1,7.3,0.33,0.22,1.4,0.041,40,177,0.99287,3.14,0.48,9.9
410,1:?,2:bad,,1,7.3,0.34,0.22,1.4,0.044,43,176,0.99286,3.14,0.46,9.9
411,1:?,2:bad,,0.92,6.4,0.29,0.57,1,0.06,15,120,0.9924,3.06,0.41,9.5
412,1:?,2:bad,,0.51,6.1,1.1,0.16,4.4,0.033,8,109,0.99058,3.35,0.47,12.4
413,1:?,2:bad,,0.64,6.3,0.24,0.29,1.6,0.052,48,185,0.9934,3.21,0.5,9.4
414,1:?,2:bad,,0.95,6.2,0.24,0.22,7.9,0.053,45,149,0.99545,3.23,0.52,9.3
415,1:?,2:bad,,0.63,7.4,0.16,0.27,15.5,0.05,25,135,0.9984,2.9,0.43,8.7
416,1:?,2:bad,,0.63,7.4,0.16,0.27,15.5,0.05,25,135,0.9984,2.9,0.43,8.7
417,1:?,2:bad,,0.63,7.4,0.16,0.27,15.5,0.05,25,135,0.9984,2.9,0.43,8.7
418,1:?,2:bad,,0.63,7.4,0.16,0.27,15.5,0.05,25,135,0.9984,2.9,0.43,8.7
419,1:?,2:bad,,0.57,7.2,0.17,0.28,17.55,0.05,33,154,0.99971,2.94,0.43,9
420,1:?,2:bad,,0.63,7.4,0.16,0.27,15.5,0.05,25,135,0.9984,2.9,0.43,8.7
421,1:?,2:bad,,0.95,6.2,0.24,0.22,7.9,0.053,45,149,0.99545,3.23,0.52,9.3
422,1:?,2:bad,,0.63,7.4,0.16,0.27,15.5,0.05,25,135,0.9984,2.9,0.43,8.7
423,1:?,2:bad,,0.57,7.2,0.17,0.28,17.55,0.05,33,154,0.99971,2.94,0.43,9
424,1:?,2:bad,,0.71,6.5,0.43,0.18,13.15,0.032,25,131,0.99565,3.23,0.51,10.7
425,1:?,2:bad,,1,6.4,0.41,0.01,6.1,0.048,20,70,0.99362,3.19,0.42,10
426,1:?,2:bad,,1,6.4,0.41,0.01,6.1,0.048,20,70,0.99362,3.19,0.42,10
427,1:?,2:bad,,0.76,6.1,0.17,0.21,1.9,0.09,44,130,0.99255,3.07,0.41,9.7
428,1:?,1:good,,0.89,5.5,0.28,0.21,1.6,0.032,23,85,0.99027,3.42,0.42,12.5
429,1:?,1:good,,0.93,6.6,0.5,0.26,11.3,0.029,32,110,0.99302,3.27,0.78,12.9
430,1:?,2:bad,,0.87,6.9,0.38,0.28,8.3,0.062,22,166,0.99506,3.16,0.72,10.6
431,1:?,2:bad,,0.94,6.1,0.28,0.27,8,0.048,41,162,0.99498,3.21,0.51,9.9
432,1:?,1:good,,0.63,7.5,0.16,0.38,12.7,0.043,70.5,163,0.99706,3.15,0.82,10.4
433,1:?,2:bad,,0.99,6.5,0.36,0.16,1.3,0.054,11,107,0.99398,3.19,0.39,8.5
434,1:?,2:bad,,0.98,6.6,0.35,0.19,10.5,0.06,15,82,0.99588,3.13,0.38,9.9
435,1:?,2:bad,,0.89,7.4,0.37,0.26,9.6,0.05,33,134,0.99608,3.13,0.46,10.4
436,1:?,2:bad,,0.95,6.2,0.3,0.32,1.2,0.052,32,185,0.99266,3.28,0.44,10.1
437,1:?,1:good,,0.51,6.5,0.33,0.24,14.5,0.048,20,96,0.99456,3.06,0.3,11.5
438,1:?,1:good,,0.98,6.4,0.25,0.28,4.9,0.03,29,98,0.99024,3.09,0.58,12.8
439,1:?,2:bad,,0.87,8,0.25,0.35,1.1,0.054,13,136,0.99366,3.08,0.55,9.5
440,1:?,1:good,,0.72,6.6,0.21,0.34,5.6,0.046,30,140,0.99299,3.22,0.38,11
441,1:?,2:bad,,1,6.9,0.37,0.23,9.5,0.057,54,166,0.99568,3.23,0.42,10
442,1:?,2:bad,,1,6.9,0.37,0.23,9.5,0.057,54,166,0.99568,3.23,0.42,10
443,1:?,1:good,,0.89,5.7,0.31,0.28,4.1,0.03,22,86,0.99062,3.31,0.38,11.7
444,1:?,1:good,,0.75,6.9,0.45,0.27,4.7,0.035,17,80,0.99058,3.12,0.36,12.5
445,1:?,1:good,,0.7,6.9,0.3,0.45,1.4,0.039,36,122,0.99059,3.07,0.47,11.1
446,1:?,2:bad,,0.62,5.3,0.23,0.56,0.9,0.041,46,141,0.99119,3.16,0.62,9.7
447,1:?,2:bad,,0.71,7.6,0.4,0.27,1.2,0.053,23,193,0.99164,3.22,0.38,11.6
448,1:?,1:good,,0.79,6.5,0.43,0.31,3.6,0.046,19,143,0.99022,3.15,0.34,12
449,1:?,1:good,,0.84,6.5,0.4,0.31,3.5,0.046,22,147,0.99024,3.15,0.31,12
450,1:?,2:bad,,0.94,7.4,0.28,0.5,12.1,0.049,48,122,0.9973,3.01,0.44,9
451,1:?,1:good,,0.84,6,0.13,0.36,1.6,0.052,23,72,0.98974,3.1,0.5,11.5
452,1:?,2:bad,,0.66,6.3,0.17,0.23,5.7,0.048,44,147,0.99382,3.08,0.54,10
453,1:?,2:bad,,0.74,6.3,0.18,0.22,5.6,0.047,45,147,0.99383,3.09,0.54,10
454,1:?,2:bad,,0.9,6.7,0.31,0.34,6.8,0.059,51,215,0.99538,3.33,0.56,10.3
455,1:?,2:bad,,0.94,6.6,0.33,0.32,15.6,0.054,62,227,0.99734,3.25,0.56,10.4
456,1:?,1:good,,0.8,6.3,0.34,0.31,6,0.02,18,68,0.98981,3.22,0.29,13.4
457,1:?,2:bad,,0.99,7.4,0.31,0.26,8.6,0.048,47,206,0.9964,3.26,0.36,9.1
458,1:?,2:bad,,0.99,7.4,0.31,0.26,8.6,0.048,47,206,0.9964,3.26,0.36,9.1
459,1:?,1:good,,0.71,5.9,0.26,0.24,2.4,0.046,27,132,0.99234,3.63,0.73,11.3
460,1:?,2:bad,,0.99,7.4,0.31,0.26,8.6,0.048,47,206,0.9964,3.26,0.36,9.1
461,1:?,1:good,,0.84,6.8,0.18,0.35,5.4,0.054,53,143,0.99287,3.1,0.54,11
462,1:?,2:bad,,0.56,7.1,0.13,0.29,15.5,0.064,56,115.5,0.99737,3.16,0.41,9.7
463,1:?,1:good,,0.84,6.8,0.18,0.35,5.4,0.054,53,143,0.99287,3.1,0.54,11
464,1:?,1:good,,0.68,5.8,0.24,0.28,1.4,0.038,40,76,0.98711,3.1,0.29,13.9
465,1:?,2:bad,,0.98,7.6,0.48,0.31,9.4,0.046,6,194,0.99714,3.07,0.61,9.4
466,1:?,2:bad,,0.94,6.1,0.3,0.47,1.4,0.049,50,187,0.9927,3.19,0.45,9.5
467,1:?,2:bad,,0.99,6.2,0.32,0.5,6.5,0.048,61,186,0.9948,3.19,0.45,9.6
468,1:?,2:bad,,0.94,6.1,0.3,0.47,1.4,0.049,50,187,0.9927,3.19,0.45,9.5
469,1:?,2:bad,,0.99,6.3,0.34,0.52,6.3,0.047,63,186,0.99481,3.18,0.44,9.6
470,1:?,1:good,,0.61,7.4,0.16,0.3,13.7,0.056,33,168,0.99825,2.9,0.44,8.7
471,1:?,1:good,,0.61,7.4,0.16,0.3,13.7,0.056,33,168,0.99825,2.9,0.44,8.7
472,1:?,1:good,,0.61,7.4,0.16,0.3,13.7,0.056,33,168,0.99825,2.9,0.44,8.7
473,1:?,1:good,,0.61,7.4,0.16,0.3,13.7,0.056,33,168,0.99825,2.9,0.44,8.7
474,1:?,1:good,,0.61,7.4,0.16,0.3,13.7,0.056,33,168,0.99825,2.9,0.44,8.7
475,1:?,1:good,,0.61,7.4,0.16,0.3,13.7,0.056,33,168,0.99825,2.9,0.44,8.7
476,1:?,2:bad,,0.82,7.2,0.26,0.38,1.5,0.061,12,120,0.99192,3.18,0.46,10.4
477,1:?,2:bad,,0.72,7,0.31,0.35,1.6,0.063,13,119,0.99184,3.22,0.5,10.7
478,1:?,1:good,,0.79,6.6,0.22,0.35,1.4,0.05,23,83,0.99019,3.17,0.48,12
479,1:?,1:good,,0.86,5.8,0.23,0.31,3.5,0.044,35,158,0.98998,3.19,0.37,12.1
480,1:?,1:good,,0.82,6.3,0.17,0.32,1,0.04,39,118,0.98886,3.31,0.4,13.1
481,1:?,1:good,,0.98,6.7,0.21,0.34,1.5,0.035,45,123,0.98949,3.24,0.36,12.6
482,1:?,1:good,,0.61,7.4,0.16,0.3,13.7,0.056,33,168,0.99825,2.9,0.44,8.7
483,1:?,1:good,,0.9,6.6,0.22,0.37,1.6,0.04,31,101,0.99009,3.15,0.66,12
484,1:?,2:bad,,0.98,7.1,0.34,0.86,1.4,0.174,36,99,0.99288,2.92,0.5,9.3
485,1:?,1:good,,0.69,6.9,0.35,0.39,2.4,0.048,25,157,0.99133,3.2,0.54,11.1
486,1:?,1:good,,0.83,5.8,0.19,0.33,4.2,0.038,49,133,0.99107,3.16,0.42,11.3
487,1:?,2:bad,,0.68,6.9,0.24,0.4,15.4,0.052,81,198,0.9986,3.2,0.69,9.4
488,1:?,1:good,,0.93,6.2,0.3,0.3,2.5,0.041,29,82,0.99065,3.31,0.61,11.8
489,1:?,1:good,,0.95,6.4,0.33,0.28,4,0.04,24,81,0.9903,3.26,0.64,12.6
490,1:?,2:bad,,0.68,6.9,0.24,0.4,15.4,0.052,81,198,0.9986,3.2,0.69,9.4
491,1:?,2:bad,,0.79,7.6,0.27,0.32,1.2,0.043,23,72,0.99236,3.06,0.68,10.5
492,1:?,2:bad,,0.96,6.4,0.21,0.21,5.1,0.097,21,105,0.9939,3.07,0.46,9.6
493,1:?,1:good,,0.57,7.8,0.27,0.35,1.2,0.05,36,140,0.99138,3.09,0.45,11.2
494,1:?,1:good,,0.74,7.1,0.45,0.24,2.7,0.04,24,87,0.98862,2.94,0.38,13.4
495,1:?,2:bad,,0.93,6.3,0.3,0.48,7.4,0.053,34,149,0.99472,3.18,0.53,9.8
496,1:?,2:bad,,0.97,7.9,0.36,0.53,12.9,0.049,63,139,0.99792,2.94,0.45,9.1
497,1:?,2:bad,,0.92,6.2,0.3,0.32,1.3,0.054,27,183,0.99266,3.3,0.43,10.1
498,1:?,1:good,,0.79,6.1,0.25,0.3,1.2,0.036,42,107,0.991,3.34,0.56,10.8
499,1:?,2:bad,,0.99,6.6,0.31,0.37,6.2,0.052,13,164,0.99602,3.24,0.39,8.8
500,1:?,2:bad,,0.97,6.5,0.38,0.53,1.4,0.142,5,69,0.9926,3.14,0.52,10.1
501,1:?,2:bad,,0.99,7,0.44,0.24,12.1,0.056,68,210,0.99718,3.05,0.5,9.5
502,1:?,2:bad,,0.99,7,0.44,0.24,12.1,0.056,68,210,0.99718,3.05,0.5,9.5
503,1:?,2:bad,,0.99,7,0.44,0.24,12.1,0.056,68,210,0.99718,3.05,0.5,9.5
504,1:?,2:bad,,1,6.1,0.38,0.14,3.9,0.06,27,113,0.99344,3.07,0.34,9.2
505,1:?,2:bad,,0.99,7,0.44,0.24,12.1,0.056,68,210,0.99718,3.05,0.5,9.5
506,1:?,2:bad,,1,6.1,0.38,0.14,3.9,0.06,27,113,0.99344,3.07,0.34,9.2
507,1:?,2:bad,,0.78,5.3,0.43,0.11,1.1,0.029,6,51,0.99076,3.51,0.48,11.2
508,1:?,1:good,,0.87,5.4,0.22,0.35,6.5,0.029,26,87,0.99092,3.29,0.44,12.5
509,1:?,2:bad,,0.82,6.2,0.345,0.27,10.1,0.056,38,187,0.99486,3.31,0.56,10.6
510,1:?,2:bad,,0.78,5.6,0.255,0.57,10.7,0.056,66,171,0.99464,3.25,0.61,10.4
511,1:?,2:bad,,0.62,5.2,0.2,0.27,3.2,0.047,16,93,0.99235,3.44,0.53,10.1
512,1:?,2:bad,,0.98,6.4,0.29,0.18,15,0.04,21,116,0.99736,3.14,0.5,9.2
513,1:?,2:bad,,0.98,6.4,0.29,0.18,15,0.04,21,116,0.99736,3.14,0.5,9.2
514,1:?,2:bad,,0.65,7.5,0.23,0.3,1.2,0.03,27,80,0.99192,3.05,0.68,10.5
515,1:?,2:bad,,0.98,6.4,0.29,0.18,15,0.04,21,116,0.99736,3.14,0.5,9.2
516,1:?,1:good,,0.95,5.7,0.28,0.36,1.8,0.041,38,90,0.99002,3.27,0.98,11.9
517,1:?,1:good,,0.64,5.9,0.22,0.29,4.2,0.037,69,144,0.99214,3.13,0.74,10.8
518,1:?,2:bad,,0.96,7.6,0.36,0.48,13.5,0.038,44,116,0.9982,3.04,0.48,9.2
519,1:?,2:bad,,0.93,7.6,0.35,0.47,13.3,0.037,42,116,0.99822,3.04,0.5,9.2
520,1:?,1:good,,0.5,5.3,0.47,0.1,1.3,0.036,11,74,0.99082,3.48,0.54,11.2
521,1:?,2:bad,,0.6,7.5,0.29,0.24,9.9,0.058,25,115,0.99567,3.15,0.46,10.9
522,1:?,2:bad,,0.97,6,0.33,0.26,5.1,0.051,16,119,0.99416,3.15,0.41,9.2
523,1:?,2:bad,,0.97,6,0.33,0.26,5.1,0.051,16,119,0.99416,3.15,0.41,9.2
524,1:?,1:good,,0.74,5.8,0.32,0.23,1.5,0.033,39,121,0.9887,2.96,0.35,12
525,1:?,1:good,,0.93,6,0.31,0.27,2.3,0.042,19,120,0.98952,3.32,0.41,12.7
526,1:?,1:good,,0.93,6,0.31,0.27,2.3,0.042,19,120,0.98952,3.32,0.41,12.7
527,1:?,1:good,,0.93,6,0.29,0.27,2.3,0.044,20,117,0.9895,3.31,0.41,12.7
528,1:?,2:bad,,0.97,7.1,0.46,0.23,13.7,0.045,44,192,0.9981,3.11,0.53,9.4
529,1:?,2:bad,,1,6.9,0.42,0.2,15.4,0.043,57,201,0.99848,3.08,0.54,9.4
530,1:?,1:good,,0.99,5.2,0.31,0.2,2.4,0.027,27,117,0.98886,3.56,0.45,13
531,1:?,2:bad,,0.62,7.2,0.22,0.35,5.5,0.054,37,183,0.99474,3.08,0.5,10.3
532,1:?,2:bad,,0.85,5.6,0.18,0.29,2.3,0.04,5,47,0.99126,3.07,0.45,10.1
533,1:?,2:bad,,0.84,5.7,0.26,0.24,17.8,0.059,23,124,0.99773,3.3,0.5,10.1
534,1:?,2:bad,,0.84,5.7,0.26,0.24,17.8,0.059,23,124,0.99773,3.3,0.5,10.1
535,1:?,2:bad,,0.96,7.6,0.28,0.17,1.6,0.046,28,117,0.99288,3.08,0.43,10
536,1:?,2:bad,,0.84,5.7,0.26,0.24,17.8,0.059,23,124,0.99773,3.3,0.5,10.1
537,1:?,2:bad,,0.58,7.2,0.21,0.36,15.7,0.045,68,183,0.99922,3.25,0.76,9.4
538,1:?,2:bad,,0.58,7.2,0.21,0.36,15.7,0.045,68,183,0.99922,3.25,0.76,9.4
539,1:?,2:bad,,0.64,7.4,0.22,0.28,9,0.046,22,121,0.99468,3.1,0.55,10.8
540,1:?,2:bad,,0.58,7.2,0.21,0.36,15.7,0.045,68,183,0.99922,3.25,0.76,9.4
541,1:?,2:bad,,0.99,6.4,0.29,0.3,6.5,0.209,62,156,0.99478,3.1,0.4,9.4
542,1:?,2:bad,,0.99,7.2,0.34,0.23,8.9,0.105,22,155,0.99692,3.01,0.58,9.5
543,1:?,1:good,,0.85,6.5,0.22,0.27,1.6,0.039,36,116,0.99178,3.38,0.57,11
544,1:?,1:good,,0.87,7.1,0.23,0.28,1.9,0.046,33,103,0.98997,3.12,0.31,12
545,1:?,1:good,,0.81,6.3,0.41,0.22,7.3,0.035,23,117,0.99172,3.2,0.39,11.94
546,1:?,1:good,,0.98,6.7,0.41,0.24,5.4,0.035,33,115,0.9901,3.12,0.44,12.893333
547,1:?,2:bad,,1,7.2,0.585,0.2,10.4,0.086,17,94,0.99681,3.13,0.4,9.4
548,1:?,1:good,,0.97,6.7,0.34,0.26,1.9,0.038,58,138,0.9893,3,0.47,12.2
549,1:?,1:good,,0.81,6.3,0.41,0.22,7.3,0.035,23,117,0.99172,3.2,0.39,11.94
550,1:?,1:good,,0.98,6.7,0.41,0.24,5.4,0.035,33,115,0.9901,3.12,0.44,12.893333
551,1:?,2:bad,,0.94,6.4,0.26,0.35,7.7,0.056,45,191,0.99527,3.16,0.5,9.5
552,1:?,2:bad,,0.51,7.4,0.16,0.33,1.2,0.042,47,121,0.99198,3.04,0.68,10.5
553,1:?,2:bad,,0.92,6.4,0.24,0.26,8.2,0.054,47,182,0.99538,3.12,0.5,9.5
554,1:?,2:bad,,0.99,7.4,0.38,0.34,8.3,0.052,44,168,0.99627,3.11,0.52,9.2
555,1:?,2:bad,,0.92,6.4,0.24,0.26,8.2,0.054,47,182,0.99538,3.12,0.5,9.5
556,1:?,1:good,,0.55,6.4,0.42,0.19,9.3,0.043,28,145,0.99433,3.23,0.53,10.98
557,1:?,2:bad,,0.93,6.4,0.23,0.26,8.1,0.054,47,181,0.9954,3.12,0.49,9.4
558,1:?,2:bad,,0.92,6.4,0.24,0.26,8.2,0.054,47,182,0.99538,3.12,0.5,9.5
559,1:?,2:bad,,0.99,7.4,0.38,0.34,8.3,0.052,44,168,0.99627,3.11,0.52,9.2
560,1:?,2:bad,,0.54,7.3,0.19,0.27,13.9,0.057,45,155,0.99807,2.94,0.41,8.8
561,1:?,2:bad,,0.54,7.3,0.19,0.27,13.9,0.057,45,155,0.99807,2.94,0.41,8.8
562,1:?,2:bad,,0.54,7.3,0.19,0.27,13.9,0.057,45,155,0.99807,2.94,0.41,8.8
563,1:?,2:bad,,0.54,7.3,0.19,0.27,13.9,0.057,45,155,0.99807,2.94,0.41,8.8
564,1:?,2:bad,,0.54,7.3,0.19,0.27,13.9,0.057,45,155,0.99807,2.94,0.41,8.8
565,1:?,2:bad,,0.54,7.3,0.19,0.27,13.9,0.057,45,155,0.99807,2.94,0.41,8.8
566,1:?,2:bad,,0.54,7.3,0.19,0.27,13.9,0.057,45,155,0.99807,2.94,0.41,8.8
567,1:?,2:bad,,0.67,6.8,0.24,0.29,2,0.044,15,96,0.99232,3.23,0.64,10.4
568,1:?,2:bad,,0.54,7.3,0.19,0.27,13.9,0.057,45,155,0.99807,2.94,0.41,8.8
569,1:?,1:good,,0.79,7.1,0.23,0.3,2.6,0.034,62,148,0.99121,3.03,0.56,11.3
570,1:?,2:bad,,0.99,7.2,0.34,0.28,10.4,0.108,43,187,0.99738,2.96,0.57,9.4
571,1:?,2:bad,,0.77,7.3,0.28,0.35,1.6,0.054,31,148,0.99178,3.18,0.47,10.7
572,1:?,2:bad,,0.83,6.2,0.29,0.29,5.6,0.046,35,178,0.99313,3.25,0.51,10.533333
573,1:?,2:bad,,0.89,6.5,0.23,0.2,7.5,0.05,44,179,0.99504,3.18,0.48,9.533333
574,1:?,2:bad,,0.77,7.3,0.28,0.35,1.6,0.054,31,148,0.99178,3.18,0.47,10.7
575,1:?,2:bad,,0.99,7.1,0.31,0.25,11.2,0.048,32,136,0.99663,3.14,0.4,9.5
576,1:?,2:bad,,0.76,6.3,0.19,0.33,10.1,0.063,63,133,0.99561,2.86,0.41,9.1
577,1:?,2:bad,,0.99,7.1,0.31,0.25,11.2,0.048,32,136,0.99663,3.14,0.4,9.5
578,1:?,2:bad,,0.91,6.5,0.22,0.19,4.5,0.096,16,115,0.9937,3.02,0.44,9.6
579,1:?,2:bad,,0.84,7,0.23,0.28,2.7,0.053,16,92,0.99372,3.18,0.56,9.3
580,1:?,2:bad,,0.98,6.4,0.35,0.21,2.1,0.051,46,171,0.9932,3.16,0.5,9.5
581,1:?,2:bad,,0.97,6.1,0.34,0.21,5,0.042,17,133,0.99373,3.02,0.53,9.4
582,1:?,2:bad,,0.96,6.5,0.315,0.2,6.6,0.041,9,126,0.99494,2.94,0.51,8.8
583,1:?,2:bad,,0.97,6.1,0.34,0.21,5,0.042,17,133,0.99373,3.02,0.53,9.4
584,1:?,2:bad,,0.98,6.4,0.26,0.21,8.2,0.05,51,182,0.99542,3.23,0.48,9.5
585,1:?,2:bad,,0.98,6.4,0.26,0.21,8.2,0.05,51,182,0.99542,3.23,0.48,9.5
586,1:?,2:bad,,0.69,6.3,0.28,0.22,9.5,0.04,30,111,0.99338,3.05,0.31,10.8
587,1:?,2:bad,,0.89,6.2,0.25,0.44,15.8,0.057,39,167,0.99804,3.14,0.51,9.2
588,1:?,2:bad,,0.52,7.3,0.22,0.37,15.5,0.048,70,203,0.99899,3.25,0.77,9.4
589,1:?,2:bad,,0.89,6.2,0.25,0.44,15.8,0.057,39,167,0.99804,3.14,0.51,9.2
590,1:?,2:bad,,0.93,6.6,0.24,0.22,12.3,0.051,35,146,0.99676,3.1,0.67,9.4
591,1:?,2:bad,,0.91,7.4,0.27,0.26,11.8,0.053,55,173,0.99699,3.11,0.6,9.8
592,1:?,2:bad,,0.91,7.4,0.27,0.26,11.8,0.053,55,173,0.99699,3.11,0.6,9.8
593,1:?,2:bad,,0.91,7.4,0.27,0.26,11.8,0.053,55,173,0.99699,3.11,0.6,9.8
594,1:?,2:bad,,0.93,6.6,0.24,0.22,12.3,0.051,35,146,0.99676,3.1,0.67,9.4
595,1:?,2:bad,,0.91,7.4,0.27,0.26,11.8,0.053,55,173,0.99699,3.11,0.6,9.8
596,1:?,2:bad,,0.81,5.2,0.22,0.46,6.2,0.066,41,187,0.99362,3.19,0.42,9.733333
597,1:?,2:bad,,0.97,5.9,0.29,0.16,7.9,0.044,48,197,0.99512,3.21,0.36,9.4
598,1:?,2:bad,,0.97,5.9,0.29,0.16,7.9,0.044,48,197,0.99512,3.21,0.36,9.4
599,1:?,1:good,,0.99,6.3,0.29,0.29,3.3,0.037,32,140,0.9895,3.17,0.36,12.8
600,1:?,2:bad,,0.96,5.7,0.29,0.16,7.9,0.044,48,197,0.99512,3.21,0.36,9.4
601,1:?,1:good,,0.99,6.3,0.29,0.29,3.3,0.037,32,140,0.9895,3.17,0.36,12.8
602,1:?,2:bad,,0.87,5.7,0.24,0.47,6.3,0.069,35,182,0.99391,3.11,0.46,9.733333
603,1:?,1:good,,0.95,5.8,0.3,0.38,4.9,0.039,22,86,0.98963,3.23,0.58,13.1
604,1:?,1:good,,0.71,7.1,0.27,0.27,10.4,0.041,26,114,0.99335,3.04,0.52,11.5
605,1:?,1:good,,0.95,5.8,0.3,0.38,4.9,0.039,22,86,0.98963,3.23,0.58,13.1
606,1:?,1:good,,0.71,7.1,0.27,0.27,10.4,0.041,26,114,0.99335,3.04,0.52,11.5
607,1:?,2:bad,,0.96,6.3,0.305,0.22,16,0.061,26,141,0.99824,3.08,0.5,9.1
608,1:?,2:bad,,0.88,5.7,0.24,0.47,6.3,0.069,35,182,0.99391,3.11,0.46,9.75
609,1:?,2:bad,,0.97,6.3,0.32,0.26,12.3,0.044,24,205,0.99611,3.11,0.58,9.9
610,1:?,2:bad,,0.95,8.1,0.36,0.59,13.6,0.051,60,134,0.99886,2.96,0.39,8.7
611,1:?,2:bad,,1,6.9,0.56,0.26,10.9,0.06,55,193,0.9969,3.21,0.44,9.4
612,1:?,2:bad,,0.8,6.1,0.21,0.19,1.4,0.046,51,131,0.99184,3.22,0.39,10.5
613,1:?,2:bad,,0.99,7.2,0.47,0.16,5.9,0.048,14,125,0.99428,3.09,0.49,9.8
614,1:?,2:bad,,0.98,6.7,0.34,0.31,16.4,0.051,20,146,0.99834,3.06,0.54,9.1
615,1:?,2:bad,,0.98,6.7,0.34,0.31,16.4,0.051,20,146,0.99834,3.06,0.54,9.1
616,1:?,2:bad,,0.99,7.2,0.47,0.16,5.9,0.048,14,125,0.99428,3.09,0.49,9.8
617,1:?,2:bad,,0.75,7.3,0.3,0.25,2.5,0.045,32,122,0.99329,3.18,0.54,10.3
618,1:?,2:bad,,0.98,6.3,0.3,0.19,7.7,0.049,47,184,0.99514,3.22,0.48,9.5
619,1:?,2:bad,,0.98,6.3,0.39,0.22,2.8,0.048,53,173,0.99304,3.24,0.45,9.8
620,1:?,2:bad,,0.97,6,0.28,0.29,19.3,0.051,36,174,0.99911,3.14,0.5,9
621,1:?,2:bad,,0.97,6,0.28,0.29,19.3,0.051,36,174,0.99911,3.14,0.5,9
622,1:?,2:bad,,0.97,6,0.28,0.29,19.3,0.051,36,174,0.99911,3.14,0.5,9
623,1:?,1:good,,0.91,6.6,0.35,0.26,2.7,0.045,19,129,0.98952,3.24,0.48,13
624,1:?,2:bad,,0.83,5.9,0.22,0.18,6.4,0.041,28,120,0.99403,3.27,0.5,9.9
625,1:?,2:bad,,0.93,6.6,0.26,0.56,15.4,0.053,32,141,0.9981,3.11,0.49,9.3
626,1:?,2:bad,,0.93,6.6,0.26,0.56,15.4,0.053,32,141,0.9981,3.11,0.49,9.3
627,1:?,1:good,,0.54,6.2,0.32,0.24,4.1,0.051,34,149,0.99306,3.36,0.52,11
628,1:?,2:bad,,0.69,6.3,0.25,0.27,6.6,0.054,40,158,0.99378,3.2,0.48,10.3
629,1:?,2:bad,,0.51,7,0.28,0.28,1.4,0.039,12,83,0.99173,3.18,0.65,11.1
630,1:?,2:bad,,1,7.1,0.36,0.2,1.6,0.271,24,140,0.99356,3.11,0.63,9.8
631,1:?,2:bad,,0.97,6.4,0.32,0.26,7.9,0.05,53,180,0.99514,3.14,0.5,9.6
632,1:?,2:bad,,0.97,6.4,0.32,0.26,7.9,0.05,53,180,0.99514,3.14,0.5,9.6
633,1:?,2:bad,,0.95,6,0.555,0.26,4.5,0.053,17,126,0.9943,3.24,0.46,9.1
634,1:?,2:bad,,0.57,5.9,0.22,0.45,22.6,0.12,55,122,0.99636,3.1,0.35,12.8
635,1:?,2:bad,,0.97,6.4,0.32,0.26,7.9,0.05,53,180,0.99514,3.14,0.5,9.6
636,1:?,2:bad,,0.97,5.8,0.28,0.18,1.2,0.058,7,108,0.99288,3.23,0.58,9.55
637,1:?,2:bad,,0.95,5.8,0.555,0.26,4.5,0.053,17,126,0.9943,3.24,0.46,9.1
638,1:?,2:bad,,0.98,6.3,0.29,0.3,8.1,0.212,60,150,0.9958,3.1,0.4,9.3
639,1:?,2:bad,,0.59,6.8,0.2,0.25,6.2,0.052,22,106,0.9935,3.09,0.54,10.8
640,1:?,1:good,,0.86,5.8,0.61,0.01,8.4,0.041,31,104,0.9909,3.26,0.72,14.05
641,1:?,2:bad,,0.83,6.5,0.32,0.23,8.5,0.051,20,138,0.9943,3.03,0.42,10.7
642,1:?,2:bad,,0.93,6.4,0.28,0.23,6,0.051,50,162,0.994,3.15,0.52,10.2
643,1:?,1:good,,0.89,5.1,0.305,0.13,1.75,0.036,17,73,0.99,3.4,0.51,12.333333
644,1:?,1:good,,0.78,5.8,0.26,0.3,2.6,0.034,75,129,0.9902,3.2,0.38,11.5
645,1:?,2:bad,,0.87,6.7,0.23,0.17,1.3,0.061,14,100,0.9925,3.07,0.55,9.5
646,1:?,2:bad,,0.98,6.1,0.4,0.18,9,0.051,28.5,259,0.9964,3.19,0.5,8.8
647,1:?,2:bad,,0.97,5.8,0.31,0.31,7.5,0.052,55,230,0.9949,3.19,0.46,9.8
648,1:?,2:bad,,1,6.3,0.36,0.2,2,0.048,48,191,0.9929,3.17,0.51,9.6
649,1:?,2:bad,,0.74,6.7,0.18,0.25,14.3,0.048,79,149,0.9975,3.12,0.37,9.7
650,1:?,2:bad,,0.88,6.1,0.25,0.18,10.5,0.049,41,124,0.9963,3.14,0.35,10.5
651,1:?,2:bad,,0.81,8.3,0.18,0.37,1.2,0.049,6,94,0.9937,3.18,0.52,10.1
652,1:?,1:good,,0.5,8.3,0.14,0.36,8.8,0.026,13,60,0.9956,3.13,0.35,11.05
653,1:?,1:good,,0.59,6.9,0.28,0.37,9.1,0.037,16,76,0.9948,3.05,0.54,11.1
654,1:?,1:good,,0.59,6.9,0.28,0.37,9.1,0.037,16,76,0.9948,3.05,0.54,11.1
655,1:?,2:bad,,0.89,6.4,0.46,0.22,14.7,0.047,51,183,0.998275,3.39,0.6,10.5
656,1:?,1:good,,0.59,6.9,0.28,0.37,9.1,0.037,16,76,0.9948,3.05,0.54,11.1
657,1:?,2:bad,,0.98,6.8,0.45,0.3,11.8,0.094,23,97,0.997,3.09,0.44,9.6
658,1:?,1:good,,0.86,6.1,0.2,0.4,1.9,0.028,32,138,0.9914,3.26,0.72,11.7
659,1:?,2:bad,,0.53,6.9,0.22,0.32,9.3,0.04,22,110,0.9958,3.34,0.54,10.7
660,1:?,1:good,,0.61,5.6,0.18,0.3,10.2,0.028,28,131,0.9954,3.49,0.42,10.8
661,1:?,1:good,,0.62,5.6,0.26,0.27,10.6,0.03,27,119,0.9947,3.4,0.34,10.7
662,1:?,1:good,,0.6,7,0.23,0.35,1.4,0.036,31,113,0.9912,3.16,0.48,10.8
663,1:?,1:good,,0.54,5.8,0.28,0.66,9.1,0.039,26,159,0.9965,3.66,0.55,10.8
664,1:?,1:good,,0.71,8.6,0.36,0.26,11.1,0.03,43.5,171,0.9948,3.03,0.49,12
665,1:?,1:good,,0.54,5.8,0.28,0.66,9.1,0.039,26,159,0.9965,3.66,0.55,10.8
666,1:?,1:good,,0.96,5.7,0.22,0.28,1.3,0.027,26,101,0.98948,3.35,0.38,12.5
667,1:?,1:good,,0.86,5.6,0.22,0.32,1.2,0.024,29,97,0.98823,3.2,0.46,13.05
668,1:?,1:good,,0.96,6.2,0.2,0.26,9.7,0.03,39,102,0.9908,3.08,0.56,12.9
669,1:?,1:good,,0.96,6.1,0.35,0.24,2.3,0.034,25,133,0.9906,3.34,0.59,12
670,1:?,1:good,,0.65,5.9,0.3,0.29,1.1,0.036,23,56,0.9904,3.19,0.38,11.3
671,1:?,1:good,,0.91,4.8,0.13,0.32,1.2,0.042,40,98,0.9898,3.42,0.64,11.8
672,1:?,1:good,,0.78,6.4,0.3,0.33,5.2,0.05,30,137,0.99304,3.26,0.58,11.1
673,1:?,1:good,,0.78,6.5,0.16,0.33,1,0.027,23,75,0.9908,3.3,0.39,11.4
674,1:?,1:good,,0.61,6.9,0.29,0.32,5.8,0.04,16,112,0.993,3.04,0.58,11.2
675,1:?,1:good,,0.74,6.2,0.36,0.27,3.2,0.032,13,73,0.98942,2.9,0.69,12.6
676,1:?,2:bad,,0.77,6,0.615,0.04,0.8,0.032,8,50,0.99036,3.14,0.4,11
677,1:?,1:good,,0.65,5.9,0.42,0.36,2.4,0.034,19,77,0.99184,3.25,0.48,10.9
678,1:?,2:bad,,0.96,5.8,0.34,0.21,7.2,0.041,48,146,0.99441,3.16,0.49,9.8
679,1:?,2:bad,,0.93,5.8,0.27,0.2,7.3,0.04,42,145,0.99442,3.15,0.48,9.8
680,1:?,2:bad,,0.98,7.1,0.33,0.18,6.3,0.094,27,166,0.99474,2.9,0.49,9.5
681,1:?,1:good,,0.88,6.1,0.44,0.28,4.25,0.032,43,132,0.9916,3.26,0.47,11.266667
682,1:?,2:bad,,0.66,7.3,0.28,0.37,1.2,0.039,26,99,0.99198,3.01,0.62,10.8
683,1:?,1:good,,0.97,5.2,0.5,0.18,2,0.036,23,129,0.98949,3.36,0.77,13.4
684,1:?,1:good,,0.88,6.1,0.44,0.28,4.25,0.032,43,132,0.9916,3.26,0.47,11.3
685,1:?,2:bad,,1,6.4,0.62,0.12,4.7,0.06,33,196,0.99556,3.22,0.48,8.9
686,1:?,1:good,,0.63,7.5,0.305,0.38,1.4,0.047,30,95,0.99158,3.22,0.52,11.5
687,1:?,1:good,,0.94,6.5,0.5,0.22,4.1,0.036,35,131,0.9902,3.26,0.55,13
688,1:?,2:bad,,0.66,8.3,0.49,0.23,6.65,0.034,6,158,0.99344,3.05,0.48,11.2
689,1:?,1:good,,0.73,5.6,0.24,0.34,2,0.041,14,73,0.98981,3.04,0.45,11.6
690,1:?,2:bad,,0.73,5.7,0.25,0.32,12.2,0.041,43,127,0.99524,3.23,0.53,10.4
691,1:?,1:good,,0.82,6.6,0.21,0.39,2.3,0.041,31,102,0.99221,3.22,0.58,10.9
692,1:?,2:bad,,0.76,6.5,0.51,0.25,1.7,0.048,39,177,0.99212,3.28,0.57,10.566667
693,1:?,2:bad,,0.75,6.5,0.51,0.25,1.7,0.048,39,177,0.99212,3.28,0.57,10.6
694,1:?,1:good,,0.96,5.7,0.24,0.3,1.3,0.03,25,98,0.98968,3.37,0.43,12.4
695,1:?,1:good,,0.9,5,0.24,0.34,1.1,0.034,49,158,0.98774,3.32,0.32,13.1
696,1:?,1:good,,0.5,5.9,0.18,0.28,1,0.037,24,88,0.99094,3.29,0.55,10.65
697,1:?,1:good,,0.71,5.8,0.26,0.29,1,0.042,35,101,0.99044,3.36,0.48,11.4
698,1:?,2:bad,,1,6.7,0.61,0.21,1.65,0.117,40,240,0.9938,3.11,0.57,9.3
699,1:?,2:bad,,0.77,5.7,0.695,0.06,6.8,0.042,9,84,0.99432,3.44,0.44,10.2
700,1:?,2:bad,,0.77,5.6,0.695,0.06,6.8,0.042,9,84,0.99432,3.44,0.44,10.2
701,1:?,1:good,,0.98,5.7,0.39,0.25,4.9,0.033,49,113,0.98966,3.26,0.58,13.1
702,1:?,2:bad,,0.99,6.1,0.38,0.47,1.4,0.051,59,210,0.99309,3.24,0.5,9.6
703,1:?,1:good,,0.85,6.3,0.36,0.28,2.5,0.035,18,73,0.98868,3.1,0.47,12.8
704,1:?,1:good,,0.74,6,0.29,0.41,10.8,0.048,55,149,0.9937,3.09,0.59,10.966667
705,1:?,1:good,,0.74,6,0.29,0.41,10.8,0.048,55,149,0.9937,3.09,0.59,10.966667
706,1:?,1:good,,0.74,6,0.29,0.41,10.8,0.048,55,149,0.9937,3.09,0.59,10.966667
707,1:?,1:good,,0.75,6,0.29,0.41,10.8,0.048,55,149,0.9937,3.09,0.59,11
708,1:?,2:bad,,0.68,8,0.23,0.41,1.1,0.048,35,150,0.99168,3.09,0.47,11.2
709,1:?,1:good,,0.61,6,0.17,0.33,6,0.036,30,111,0.99362,3.32,0.58,10.133333
710,1:?,1:good,,0.58,6.1,0.16,0.34,6.1,0.034,31,114,0.99365,3.32,0.58,10.133333
711,1:?,2:bad,,1,6.4,0.31,0.53,8.8,0.057,36,221,0.99642,3.17,0.44,9.1
712,1:?,1:good,,0.59,6.1,0.16,0.34,6.1,0.034,31,114,0.99365,3.32,0.58,10.15
713,1:?,1:good,,0.62,6,0.17,0.33,6,0.036,30,111,0.99362,3.32,0.58,10.15
714,1:?,1:good,,0.61,5.9,0.44,0.33,1.2,0.049,12,117,0.99134,3.46,0.44,11.5
715,1:?,2:bad,,0.63,4.9,0.335,0.14,1.3,0.036,69,168,0.99212,3.47,0.46,10.466667
716,1:?,2:bad,,0.63,4.9,0.335,0.14,1.3,0.036,69,168,0.99212,3.47,0.46,10.466667
717,1:?,1:good,,0.98,6,0.28,0.52,6.2,0.028,37,104,0.99161,3.28,0.51,11.8
718,1:?,1:good,,0.96,5.8,0.35,0.29,3.2,0.034,41,151,0.9912,3.35,0.58,11.633333
719,1:?,1:good,,0.98,6,0.28,0.52,6.2,0.028,37,104,0.99161,3.28,0.51,11.8
720,1:?,2:bad,,0.62,4.7,0.335,0.14,1.3,0.036,69,168,0.99212,3.47,0.46,10.5
721,1:?,2:bad,,0.94,6.8,0.63,0.04,1.3,0.058,25,133,0.99271,3.17,0.39,10.2
722,1:?,2:bad,,0.82,7.2,0.26,0.32,10.4,0.062,23,114,0.9966,3.23,0.49,10.5
723,1:?,2:bad,,0.94,6.8,0.63,0.04,1.3,0.058,25,133,0.99271,3.17,0.39,10.2
724,1:?,1:good,,0.53,6.9,0.19,0.31,19.25,0.043,38,167,0.99954,2.93,0.52,9.1
725,1:?,2:bad,,0.83,6,0.36,0.32,1.1,0.053,26,173,0.99414,3.38,0.54,8.8
726,1:?,1:good,,0.53,6.9,0.19,0.31,19.25,0.043,38,167,0.99954,2.93,0.52,9.1
727,1:?,1:good,,0.97,6.7,0.35,0.32,9,0.032,29,113,0.99188,3.13,0.65,12.9
728,1:?,1:good,,0.97,6.7,0.35,0.32,9,0.032,29,113,0.99188,3.13,0.65,12.9
729,1:?,2:bad,,0.79,6.8,0.3,0.33,12.8,0.041,60,168,0.99659,3.1,0.56,9.8
730,1:?,2:bad,,0.79,6.8,0.3,0.33,12.8,0.041,60,168,0.99659,3.1,0.56,9.8
731,1:?,1:good,,0.81,5.9,0.12,0.28,1.4,0.037,36,83,0.99074,3.33,0.42,10.9
732,1:?,1:good,,0.94,6.1,0.22,0.4,1.85,0.031,25,111,0.98966,3.03,0.3,11.8
733,1:?,1:good,,0.97,5.4,0.33,0.31,4,0.03,27,108,0.99031,3.3,0.43,12.2
734,1:?,1:good,,0.94,6.1,0.22,0.4,1.85,0.031,25,111,0.98966,3.03,0.3,11.8
735,1:?,1:good,,0.89,6.6,0.27,0.32,1.3,0.044,18,93,0.99044,3.11,0.56,12.25
736,1:?,2:bad,,0.97,6.8,0.32,0.43,1.6,0.05,4,65,0.99346,3.27,0.47,10.7
737,1:?,2:bad,,0.56,7.9,0.3,0.6,1.85,0.048,13,106,0.99331,3.24,0.49,11.85
738,1:?,1:good,,0.97,6.1,0.24,0.32,9,0.031,41,134,0.99234,3.25,0.26,12.3
739,1:?,2:bad,,0.98,6,0.32,0.46,1.5,0.05,56,189,0.99308,3.24,0.49,9.6
740,1:?,1:good,,0.7,6,0.14,0.37,1.2,0.032,63,148,0.99185,3.32,0.44,11.2
741,1:?,2:bad,,0.82,5,0.24,0.19,5,0.043,17,101,0.99438,3.67,0.57,10
742,1:?,2:bad,,0.66,6.1,0.26,0.25,2.9,0.047,289,440,0.99314,3.44,0.64,10.5
743,1:?,2:bad,,0.97,6.1,0.34,0.24,18.35,0.05,33,184,0.99943,3.12,0.61,9.3
744,1:?,1:good,,0.7,6,0.14,0.37,1.2,0.032,63,148,0.99185,3.32,0.44,11.2
745,1:?,1:good,,0.94,5.1,0.25,0.36,1.3,0.035,40,78,0.9891,3.23,0.64,12.1
746,1:?,1:good,,0.99,6,0.38,0.26,3.5,0.035,38,111,0.98872,3.18,0.47,13.6
747,1:?,1:good,,0.99,6,0.38,0.26,3.5,0.035,38,111,0.98872,3.18,0.47,13.6
748,1:?,1:good,,0.75,5.9,0.48,0.3,1.5,0.037,19,78,0.99057,3.47,0.42,11.9
749,1:?,1:good,,0.95,5.3,0.4,0.25,3.9,0.031,45,130,0.99072,3.31,0.58,11.75
750,1:?,1:good,,0.94,5.2,0.3,0.34,1.5,0.038,18,96,0.98942,3.56,0.48,13
751,1:?,1:good,,0.69,6.4,0.32,0.25,5,0.055,28,138,0.99171,3.27,0.5,12.4
752,1:?,2:bad,,0.88,6.6,0.19,0.25,1.2,0.052,34,181,0.99352,3.3,0.42,9.4
753,1:?,2:bad,,1,6.4,0.28,0.45,8.6,0.057,47,223,0.99654,3.16,0.51,9.1
754,1:?,1:good,,0.72,5.2,0.21,0.31,1.7,0.048,17,61,0.98953,3.24,0.37,12
755,1:?,2:bad,,0.86,7.1,0.24,0.34,1.2,0.045,6,132,0.99132,3.16,0.46,11.2
756,1:?,2:bad,,0.72,6,0.59,0,0.8,0.037,30,95,0.99032,3.1,0.4,10.9
757,1:?,2:bad,,0.94,5.8,0.3,0.09,6.3,0.042,36,138,0.99382,3.15,0.48,9.7
758,1:?,2:bad,,0.95,5.6,0.3,0.1,6.4,0.043,34,142,0.99382,3.14,0.48,9.8
759,1:?,2:bad,,0.91,6.4,0.31,0.31,12.9,0.045,55,161,0.99546,3.02,0.59,10.2
760,1:?,1:good,,0.68,6.9,0.25,0.29,2.4,0.038,28,76,0.99088,3.01,0.36,11.7
761,1:?,1:good,,0.99,4.4,0.32,0.39,4.3,0.03,31,127,0.98904,3.46,0.36,12.8
762,1:?,1:good,,0.95,3.9,0.225,0.4,4.2,0.03,29,118,0.989,3.57,0.36,12.8
763,1:?,2:bad,,0.91,6.4,0.31,0.31,12.9,0.045,55,161,0.99546,3.02,0.59,10.2
764,1:?,2:bad,,0.97,6,0.32,0.3,7.3,0.174,46,159,0.99519,3.18,0.49,9.4
765,1:?,1:good,,0.53,6.4,0.105,0.29,1.1,0.035,44,140,0.99142,3.17,0.55,10.7
766,1:?,1:good,,0.53,6.4,0.105,0.29,1.1,0.035,44,140,0.99142,3.17,0.55,10.7
767,1:?,2:bad,,0.81,5.9,0.32,0.19,14.5,0.042,37,115,0.99684,3.16,0.43,10.3
768,1:?,1:good,,0.73,6,0.2,0.33,1.1,0.039,45,126,0.99051,3.31,0.45,11.6
769,1:?,1:good,,0.53,6.4,0.105,0.29,1.1,0.035,44,140,0.99142,3.17,0.55,10.7
770,1:?,1:good,,0.99,5.8,0.28,0.34,2.2,0.037,24,125,0.98986,3.36,0.33,12.8
771,1:?,1:good,,0.96,6.4,0.31,0.5,5.8,0.038,42,111,0.99189,3.18,0.53,11.9
772,1:?,2:bad,,0.51,6,0.35,0.46,0.9,0.033,9,65,0.98934,3.24,0.35,12.1
773,1:?,2:bad,,0.78,7.3,0.35,0.67,8.3,0.053,10,100,0.9959,3.19,0.5,10.9
774,1:?,2:bad,,0.8,5.4,0.375,0.4,3.3,0.054,29,147,0.99482,3.42,0.52,9.1
775,1:?,1:good,,0.79,5.1,0.26,0.33,1.1,0.027,46,113,0.98946,3.35,0.43,11.4
776,1:?,2:bad,,0.94,5.8,0.36,0.5,1,0.127,63,178,0.99212,3.1,0.45,9.7
777,1:?,1:good,,0.77,6.2,0.76,0.01,3.2,0.041,18,120,0.99026,3.2,0.94,13.7
778,1:?,2:bad,,0.94,5.8,0.36,0.5,1,0.127,63,178,0.99212,3.1,0.45,9.7
779,1:?,1:good,,0.72,6.5,0.28,0.34,4.6,0.054,22,130,0.99193,3.2,0.46,12
780,1:?,2:bad,,0.82,6.4,0.23,0.35,10.3,0.042,54,140,0.9967,3.23,0.47,9.2
781,1:?,2:bad,,0.82,6.4,0.23,0.35,10.3,0.042,54,140,0.9967,3.23,0.47,9.2
782,1:?,1:good,,0.93,6,0.32,0.33,9.9,0.032,22,90,0.99258,3.1,0.43,12.1
783,1:?,2:bad,,0.74,5.9,0.32,0.26,1.5,0.057,17,141,0.9917,3.24,0.36,10.7
784,1:?,1:good,,0.96,5.9,0.37,0.3,1.5,0.033,35,95,0.98986,3.36,0.56,12
785,1:?,2:bad,,1,6.7,0.5,0.36,11.5,0.096,18,92,0.99642,3.11,0.49,9.6
786,1:?,2:bad,,0.72,5.2,0.405,0.15,1.45,0.038,10,44,0.99125,3.52,0.4,11.6
787,1:?,1:good,,0.97,6.8,0.34,0.36,8.9,0.029,44,128,0.99318,3.28,0.35,11.95
788,1:?,1:good,,0.55,5.6,0.34,0.25,2.5,0.046,47,182,0.99093,3.21,0.4,11.3
789,1:?,2:bad,,0.98,6.6,0.38,0.29,2.4,0.136,15,93,0.99336,3.18,0.6,9.5
790,1:?,1:good,,0.79,4.4,0.54,0.09,5.1,0.038,52,97,0.99022,3.41,0.4,12.2
791,1:?,2:bad,,0.95,6.4,0.33,0.44,8.9,0.055,52,164,0.99488,3.1,0.48,9.6
792,1:?,2:bad,,0.95,6.4,0.33,0.44,8.9,0.055,52,164,0.99488,3.1,0.48,9.6
793,1:?,1:good,,0.68,6.2,0.23,0.38,1.6,0.044,12,113,0.99176,3.3,0.73,11.4
794,1:?,1:good,,0.8,5.2,0.25,0.23,1.4,0.047,20,77,0.99001,3.32,0.62,11.4
795,1:?,2:bad,,0.96,6.4,0.35,0.51,7.8,0.055,53,177,0.99502,3.12,0.45,9.6
796,1:?,1:good,,0.97,6.2,0.36,0.32,4,0.036,44,92,0.98936,3.2,0.5,13.3
797,1:?,2:bad,,0.93,6,0.41,0.23,1.1,0.066,22,148,0.99266,3.3,0.47,9.633333
798,1:?,1:good,,0.86,6.1,0.32,0.28,6.6,0.021,29,132,0.99188,3.15,0.36,11.45
799,1:?,2:bad,,0.91,6,0.42,0.41,12.4,0.032,50,179,0.99622,3.14,0.6,9.7
800,1:?,1:good,,0.91,6.2,0.38,0.42,2.5,0.038,34,117,0.99132,3.36,0.59,11.6
801,1:?,2:bad,,0.94,5.9,0.54,0,0.8,0.032,12,82,0.99286,3.25,0.36,8.8
802,1:?,2:bad,,0.99,6.2,0.53,0.02,0.9,0.035,6,81,0.99234,3.24,0.35,9.5
803,1:?,2:bad,,0.67,5.5,0.32,0.13,1.3,0.037,45,156,0.99184,3.26,0.38,10.7
804,1:?,2:bad,,0.99,6.5,0.33,0.38,8.3,0.048,68,174,0.99492,3.14,0.5,9.6
805,1:?,1:good,,0.83,6.2,0.21,0.28,5.7,0.028,45,121,0.99168,3.21,1.08,12.15
806,1:?,2:bad,,0.55,6.2,0.41,0.22,1.9,0.023,5,56,0.98928,3.04,0.79,13
807,1:?,2:bad,,0.58,6.8,0.22,0.36,1.2,0.052,38,127,0.9933,3.04,0.54,9.2
808,1:?,2:bad,,0.52,6.5,0.23,0.38,1.3,0.032,29,112,0.99298,3.29,0.54,9.7
809,1:?,2:bad,,0.99,6.6,0.32,0.36,8,0.047,57,168,0.9949,3.15,0.46,9.6
810,1:?,1:good,,0.94,5.5,0.29,0.3,1.1,0.022,20,110,0.98869,3.34,0.38,12.8

