attribute1,attribute2,attribute3,attribute4,attribute5,attribute6,attribute7,attribute8,attribute9,attribute10,class
6038,4434,8497,8329,3806,3920,4762,5403,4734,1179,x60.0
9648,4015,6227,6424,8974,9252,5192,3246,2961,8794,x96.0
1355,7023,5763,0477,3803,2533,5615,2368,1552,6970,x13.0
8867,3935,5854,4432,2227,2341,5714,6390,2322,5588,x88.0
2577,1297,2176,9073,3350,0820,1442,5282,4100,2148,x25.0
5927,2264,0313,6185,9375,8908,9015,6946,0679,4398,x59.0
7378,8835,8666,5610,8000,3549,3421,1373,0902,7152,x73.0
6397,3932,7204,1580,7900,3220,2678,7359,5865,4438,x63.0
5275,0927,3031,2495,6150,6655,2955,9530,1846,4642,x52.0
2476,4428,6128,2220,1899,7104,6821,3525,2009,2496,x24.0
3537,3386,1852,6131,2480,1158,2794,4270,4879,8359,x35.0
5881,7196,9382,1340,3419,1454,3511,2800,6413,9494,x58.0
3855,5343,7007,8689,1938,1455,9411,0220,0300,6861,x38.0
1000,5779,9392,5820,4570,9456,7167,5867,7532,8889,x10.0
5940,0483,3516,0222,5312,7562,7699,5777,3143,9615,x59.0
3218,2380,5712,5499,3895,5774,4584,6730,9315,5273,x32.0
9482,1659,1766,0585,9800,2996,9992,1318,0023,0481,x94.0
7665,2721,7646,9548,9689,8154,6407,0776,2381,3417,x76.0
9027,9310,4741,7148,4597,2568,2819,6378,7488,9520,x90.0
8920,2734,5656,0888,6083,7768,0194,3353,4869,2314,x89.0
4784,4684,2003,6129,2335,9309,9362,9931,7809,1409,x47.0
6418,3627,7707,8312,9232,8521,3434,0193,2189,4984,x64.0
3961,3944,9681,1255,6500,0655,0646,2629,9595,3662,x39.0
0076,1318,8012,5729,5667,6597,4548,8670,9633,6749,x0.0
1624,3163,1653,0852,5741,8863,7313,6145,0825,4454,x16.0
9308,8293,7672,4048,3599,6253,4860,8196,0543,7000,x93.0
2201,2563,7741,9474,2447,1457,9354,3784,4138,9569,x22.0
0520,5382,4006,1290,6809,0339,5110,9558,3992,2733,x5.0
2642,6319,1302,0258,8974,5235,6570,6314,7662,1557,x26.0
1647,8486,2817,5517,1714,1385,0608,7330,8432,2918,x16.0
1300,7241,5760,7028,3907,4178,2787,6067,9015,1682,x13.0
6215,2571,0594,9473,6066,3582,2470,1785,4224,3840,x62.0
0008,8736,2625,8023,9871,9067,5414,4835,0182,3851,x0.0
8199,7319,3547,5313,6911,2752,7692,6825,6834,0187,x81.0
4514,2777,6083,1135,6775,0327,9131,2296,8426,5157,x45.0
5851,0355,8578,6436,7052,5672,1146,2138,2867,8831,x58.0
2631,4854,7002,0693,0237,1168,8540,1209,7050,8317,x26.0
4035,9842,3272,4474,3307,9366,3260,8773,5502,5725,x40.0
1319,7522,7432,8834,4831,9942,7738,7507,7026,6926,x13.0
4592,3624,7733,2630,2602,3155,8585,9385,8765,6987,x45.0
6238,9299,0705,3881,9914,4764,3141,5622,5863,0614,x62.0
0672,6382,0567,6712,2853,1235,5013,6026,7949,7557,x6.0
5702,3127,7276,3366,5196,8580,2471,6073,1877,7816,x57.0
5489,9762,9269,7980,1791,0576,9481,8975,0130,2108,x54.0
8447,6810,1445,1563,2598,0078,6946,7295,0858,3550,x84.0
5862,4951,1263,5863,6124,6841,9459,3180,8907,2554,x58.0
7899,4258,3817,8217,7114,3391,7891,3908,3322,9669,x78.0
5921,1261,6994,0194,5789,0424,0915,5592,0015,0459,x59.0
2170,6398,1266,8037,5229,5506,8253,6215,7483,8122,x21.0
5236,1464,0827,6924,6658,7539,8775,2505,4478,3771,x52.0
1559,5021,1557,4732,2833,8651,5868,5802,0276,2416,x15.0
9336,6499,8611,2791,9256,6402,0686,6755,2083,9983,x93.0
6459,2175,8934,1484,3703,6136,8003,9045,6447,1460,x64.0
3473,9755,2242,0791,2843,6416,2161,6103,7207,3332,x34.0
7575,4006,9919,5266,2923,9345,5584,9314,5178,4960,x75.0
3049,5982,7686,9170,7653,8411,3790,6699,4520,3130,x30.0
1705,1867,7882,3449,7545,7591,1868,1724,7534,3963,x17.0
1054,1509,5327,4906,2415,1946,7316,3144,0178,1272,x10.0
5563,2363,7172,9850,6937,3248,8774,2851,3842,2445,x55.0
2223,3583,5261,2075,7443,7657,2924,2236,6868,4444,x22.0
7099,7182,7842,0241,6406,7223,4617,0146,9757,5433,x70.0
7398,2016,8405,1566,9172,3827,8426,0606,8245,5501,x73.0
9897,8255,6798,2839,8425,2053,6406,3451,8590,6776,x98.0
4688,0296,4292,4961,5780,9652,9590,5785,1787,4771,x46.0
4853,9222,4113,4176,2940,2396,6241,2769,2701,7967,x48.0
4201,5424,1806,5331,4240,5973,7973,9384,6932,8438,x42.0
9049,9653,5649,0716,0952,3684,7629,4931,1968,6376,x90.0
3381,3690,6082,3790,7961,5204,0742,1110,0878,6932,x33.0
9408,7648,1929,9231,4129,0313,2233,4882,6420,8513,x94.0
4569,4825,7527,2783,7620,5413,7306,0346,6730,3850,x45.0
2990,8951,2051,1720,2187,9138,3915,5295,7643,6667,x29.0
0841,8130,7468,5269,3245,5454,9215,3927,9380,2967,x8.0
7873,6290,3400,3431,5952,4677,4289,8778,6813,5127,x78.0
7854,3351,7188,5337,7076,9070,2873,6725,0011,1071,x78.0
4699,5102,1832,2786,2463,3146,2538,9889,1888,5551,x46.0
0357,5414,8048,2673,1554,3033,0714,9365,6784,5721,x3.0
1265,7532,2691,4305,5730,3344,0006,8104,6581,0372,x12.0
2024,0342,0681,4234,9404,9053,5051,9963,4795,9979,x20.0
9117,2559,0980,9079,4565,3166,6017,7669,6852,9474,x91.0
6675,4605,6156,1133,6470,0863,1807,9614,6947,3434,x66.0
9373,1418,3520,9149,5097,8551,1845,4077,3642,9231,x93.0
9647,1264,1402,0458,3784,6628,1018,4816,6742,7063,x96.0
5669,8196,2992,7879,9606,8062,1884,0734,8909,6056,x56.0
9880,6842,5461,2539,5884,6300,0442,6343,9053,7805,x98.0
8610,1692,5955,6458,6907,6501,9399,1083,5723,1917,x86.0
4315,8069,8848,9906,5979,2542,1256,6209,1609,9315,x43.0
1039,4062,7909,6771,2105,4383,1633,3654,5452,5385,x10.0
4390,7942,1484,2884,5908,1635,4555,7240,1671,4772,x43.0
4961,6350,1771,1328,6986,4442,1841,4718,7037,5987,x49.0
5718,1467,9987,3612,8493,2430,7543,3525,9259,5397,x57.0
0645,4669,7913,4336,8037,2255,8071,1042,7523,8813,x6.0
0278,7940,4315,0932,6755,4335,4240,9158,5847,0346,x2.0
3469,9113,5129,0557,7745,2068,5927,2149,3033,4479,x34.0
6513,7557,7706,5394,1396,3860,2413,7841,6161,7063,x65.0
9460,6282,9163,2388,8662,3986,1130,6983,6135,4923,x94.0
8321,5876,6362,6863,0189,7110,1792,3047,7121,9370,x83.0
3915,9756,2887,9541,7945,3304,9439,7460,8278,2678,x39.0
6465,3639,9089,2735,0082,5550,0957,8408,6335,0680,x64.0
7521,8077,1794,5456,2588,5712,1453,7389,8154,9332,x75.0
8763,5382,5649,5531,6636,2805,5884,6700,1370,1217,x87.0
2879,6833,2678,6166,4279,7132,1670,8633,8100,1253,x28.0
7086,4184,9775,4904,3457,8436,7135,6336,0989,1469,x70.0
7128,2618,1732,4813,4908,2828,9641,6093,4562,2261,x71.0
4750,5527,0319,0681,7863,5503,3277,4534,4375,3914,x47.0
5120,7620,5893,2041,0424,4996,7846,5428,5592,6249,x51.0
9696,7465,2482,7832,8435,2522,8998,5387,5546,4932,x96.0
0201,1117,0580,5159,3884,6317,0102,6941,6076,9764,x2.0
1568,8869,4481,0150,5855,3404,2402,5867,6339,5688,x15.0
3240,4502,3963,8737,6958,0940,7773,7627,0602,6950,x32.0
6755,8624,4113,3471,3161,7841,5467,7723,8997,0820,x67.0
8669,4899,1328,8467,0394,2455,8159,9000,7697,1636,x86.0
4433,8812,7304,1032,4291,5563,7260,8237,2640,9949,x44.0
8169,0971,3569,9399,2416,1679,9358,7947,9333,0084,x81.0
9591,6256,1607,2542,9094,9080,8608,8197,9202,5262,x95.0
0445,1762,3094,6917,9759,1200,7062,8568,4583,7289,x4.0
5493,9012,6935,5174,5259,9123,6793,2703,3142,2200,x54.0
6998,5687,5376,7426,0257,3016,8683,0052,3881,7801,x69.0
8837,6739,5776,0375,4580,6023,8934,9005,6090,5690,x88.0
6708,3561,9970,3529,7808,8689,9354,1200,4880,7015,x67.0
0713,2279,6659,3222,2082,5247,3944,2571,7976,8652,x7.0
2627,9232,1443,6012,8485,8069,9101,7357,4816,0111,x26.0
0872,0087,3245,9214,8802,0602,8339,3054,1208,3767,x8.0
1365,3774,0476,2497,9775,2518,9647,7519,7659,4033,x13.0
7360,7263,1845,0239,0561,5895,7661,7595,6651,6318,x73.0
7754,0406,7671,4285,9980,8550,5269,2381,4998,3944,x77.0
0298,0248,8337,4796,1391,8299,5608,7643,0507,4984,x2.0
3056,5169,5408,1995,1611,8537,4974,5184,1521,9305,x30.0
9910,8737,5093,4753,3499,3039,5344,2723,7703,3651,x99.0
2770,6334,7345,4340,8739,2556,2537,2591,3145,3525,x27.0
8239,8284,1067,2981,4727,1622,8441,7487,6681,2111,x82.0
8174,4222,4395,0316,3876,0522,5478,3613,6040,2538,x81.0
1494,5842,3909,7754,6847,4718,4328,1291,6063,4887,x14.0
1695,0348,7845,5602,2550,3592,3031,5844,6850,1894,x16.0
3379,5512,2301,7375,0773,3415,3183,7244,8647,0602,x33.0
0864,5020,2164,1698,2856,5941,8544,6809,6528,4647,x8.0
6856,5459,1932,1273,5332,3606,8194,2681,7614,1113,x68.0
3300,0370,5198,4624,6035,1097,6900,9599,4802,8032,x33.0
7212,3593,1961,1631,4034,1421,8561,7673,9651,8449,x72.0
2180,9559,4334,2411,2173,6364,9359,4882,9032,5309,x21.0
9628,4492,5762,4263,6903,4574,8142,5627,7974,8781,x96.0
6672,9388,3635,8632,4357,6793,9496,1567,6672,0929,x66.0
0345,0242,7068,2355,7879,1675,8398,0076,5118,6032,x3.0
0757,5202,7419,4511,0755,9864,5466,3476,5200,1011,x7.0
2880,3526,2779,7871,2220,1594,8156,5588,5854,8627,x28.0
2294,0017,9316,9051,9882,6803,3967,4506,3887,2463,x22.0
9306,4924,3715,6159,1176,7452,1224,8646,2495,0783,x93.0
6453,3710,9857,8976,8127,0288,6183,5371,2991,6963,x64.0
2292,5643,1268,8269,5295,9182,5768,8608,7694,8571,x22.0
7637,7141,7178,2880,4873,6802,6354,3635,6463,8661,x76.0
9326,9170,6459,3703,4121,2221,8668,0120,6390,9878,x93.0
4123,3611,3170,3994,8025,5648,9825,8938,1303,1691,x41.0
7925,0523,9148,0048,4557,2791,2552,8890,2172,0505,x79.0
7341,7273,7948,8148,5387,2737,7412,0247,9796,5727,x73.0
5169,3069,9470,8448,0147,0885,4412,1016,7027,0426,x51.0
6571,4060,9672,9851,5754,4319,1038,0673,6781,3478,x65.0
7766,1490,3914,9590,8033,1051,7510,6172,5640,3856,x77.0
3907,2758,3394,2621,5622,8960,5330,9808,5548,4586,x39.0
0414,4244,2638,8039,8559,0086,5283,4225,8738,8913,x4.0
1170,9599,8407,3994,5943,5861,7712,8624,1080,6283,x11.0
7012,0476,1215,9952,8239,4608,3122,2589,0626,3482,x70.0
7996,2262,8435,7452,7222,2887,1213,2865,5808,0671,x79.0
0632,2372,2936,5246,6856,3053,3173,2580,0669,8293,x6.0
6200,3268,9713,1638,7624,0910,9149,0552,2032,5512,x62.0
2252,8296,2525,3748,5974,0941,8765,5247,7984,1120,x22.0
7246,1596,9064,8025,8442,5940,0116,3706,8264,5102,x72.0
8699,2186,3394,3178,1002,3317,7277,8309,7127,0165,x86.0
3162,2139,3679,8414,4533,3959,0901,6021,8059,6901,x31.0
8049,0125,3094,1476,1965,1722,6322,5284,9537,9195,x80.0
1126,9637,1128,4111,0386,5738,1586,1774,8857,6601,x11.0
1405,0522,2171,4138,1784,0085,7019,1667,4188,8816,x14.0
7830,2269,2005,6265,0923,6757,4673,1902,1920,3870,x78.0
8508,1112,6507,3449,2558,8609,6143,6698,1858,1142,x85.0
3949,6489,4230,6214,6212,8774,7361,5170,7164,5752,x39.0
6399,0008,0740,9083,6431,6434,5921,0981,4839,4238,x63.0
1532,8465,9387,1691,5469,4443,5503,1481,6094,6989,x15.0
2055,1160,9135,1953,4994,9442,7560,4041,8602,4990,x20.0
1779,2499,3385,6069,4382,6892,6151,6552,5471,0684,x17.0
7832,3833,9174,8926,5156,1845,2836,8249,9722,2103,x78.0
9544,2266,0794,7869,8043,1914,1124,0480,1146,5084,x95.0
3584,4583,1859,9392,7013,0885,4203,8035,7234,5726,x35.0
6205,9376,4295,0919,7679,3580,0549,1524,4899,5358,x62.0
1942,3759,0443,3713,3018,8283,5318,3259,3227,1855,x19.0
2705,4259,4965,0446,4151,4413,1589,9945,5104,9906,x27.0
5577,1052,0221,9733,6665,0588,7172,4843,8573,2085,x55.0
2335,8043,2558,9867,4533,9562,9655,8734,1899,5107,x23.0
5278,5530,1160,1786,9205,6818,5834,1608,0696,4444,x52.0
8273,5113,4019,4998,5614,1326,4936,8633,3059,2887,x82.0
6274,1229,4833,4340,6895,3421,3565,0437,7227,3824,x62.0
3066,8041,7896,1173,9835,1389,5129,1540,9542,2674,x30.0
2653,8881,1947,5216,9384,0955,9305,1358,9124,2463,x26.0
2112,2269,0984,4126,8877,7022,4821,6923,5641,2491,x21.0
3817,0308,7520,2258,6473,8625,9029,9010,0188,1509,x38.0
5985,4118,6478,4001,2417,3291,0242,6242,3599,9278,x59.0
8618,6057,3994,2872,5345,2637,0547,7818,3268,4794,x86.0
1506,2266,3695,5667,2589,8436,7784,8822,7698,6066,x15.0
8047,6272,4090,8649,7783,3864,3038,8504,7525,3969,x80.0
0032,4868,0167,1936,6108,3835,8583,7227,0875,8760,x0.0
5787,3519,2840,0006,3903,2382,6288,2010,3258,2257,x57.0
2190,2588,1344,1572,1054,3523,4530,1382,1929,8567,x21.0
8870,2162,1718,5101,1479,0631,1134,8502,2842,1855,x88.0
5927,3132,8453,4960,8133,9751,7793,7587,1742,4561,x59.0
3388,9323,6692,1385,9192,6864,8009,1947,9719,1611,x33.0
6480,8347,7367,2256,0937,1297,4655,3525,5525,7802,x64.0
6407,3279,0794,6036,1833,8324,9770,3172,5493,8689,x64.0
4857,8141,5638,9366,1906,6135,1364,9941,2789,9105,x48.0
8864,7159,2506,1211,2372,3792,9804,8508,4730,2973,x88.0
8016,0311,8668,4370,1041,4767,5297,6773,4253,2700,x80.0
9696,3321,3117,3185,9979,0125,0055,9559,6997,2326,x96.0
4740,8005,4623,5873,2504,2191,3935,2808,8963,9768,x47.0
2640,3120,4883,9015,9690,2074,9788,8540,2150,4833,x26.0
8647,1908,0219,4836,7424,9475,9937,2660,8543,6704,x86.0
0434,4252,2257,6232,7572,4277,5189,2696,6608,8798,x4.0
9275,6406,0230,9845,1212,1454,8289,0696,1475,9380,x92.0
5491,9678,8072,5882,4636,8085,0721,1721,6528,4515,x54.0
9347,2280,9573,3718,8487,7932,7820,5234,3470,7806,x93.0
6671,2564,8716,8034,7278,2648,5576,6018,8483,5450,x66.0
0200,3998,0934,4781,6431,8384,1168,3518,5639,4306,x2.0
2240,5051,2412,8760,7254,6743,9996,5752,6195,7287,x22.0
8082,0100,0448,0617,5617,6155,1735,8300,2514,4870,x80.0
9481,7723,9531,3498,3854,6255,9744,8516,4933,1156,x94.0
5590,5153,0406,8442,2843,6843,1521,8151,6993,9344,x55.0
7527,2694,8352,4430,9657,1487,8327,1490,0240,1703,x75.0
3284,3822,3855,8108,7661,6715,1758,4175,3679,3525,x32.0
0923,1106,1257,6926,5636,5322,5840,7413,6590,9981,x9.0
5303,1802,6283,0503,1274,1246,4285,4271,1762,7741,x53.0
2613,6505,5730,3572,2604,8130,1430,5668,8306,4832,x26.0
3484,9434,8007,8441,7438,8965,2827,4520,3611,1432,x34.0
0430,2685,4632,9845,8829,0591,0129,2392,5066,1537,x4.0
1213,9494,5108,9278,3333,0808,9440,7275,0892,2486,x12.0
8656,7014,0716,3339,1234,3250,5668,4546,0271,4700,x86.0
0649,4421,4328,0791,7496,6937,8145,6562,7710,0728,x6.0
2223,0195,1058,3063,9451,7164,4693,4321,2034,8814,x22.0
4568,0528,4825,2630,3240,6721,7812,0524,5650,2993,x45.0
6195,5825,0110,7997,9940,4724,4919,7060,4462,3269,x61.0
8957,8475,8903,0676,0495,8561,9114,6642,2348,1455,x89.0
5114,8008,2333,1444,8429,2935,7671,0934,9493,5839,x51.0
5171,2484,6303,6110,7793,7865,5690,8068,3743,7015,x51.0
6613,8575,4865,2738,3750,0907,4605,4391,9640,6408,x66.0
1658,8744,9953,9646,1288,6899,2018,0302,8074,2876,x16.0
7804,8333,1047,3772,4413,5780,9076,7236,5483,5415,x78.0
2253,2061,0607,7069,6639,1399,6877,4684,5094,1093,x22.0
5271,0207,5525,3952,2536,0445,8063,5182,3543,8093,x52.0
1602,7061,2412,8659,3549,3541,1428,0516,8337,7520,x16.0
3313,6765,9043,7334,6092,6671,3307,4925,3127,5946,x33.0
1492,3050,5191,5655,4668,7972,9289,2777,8942,4941,x14.0
5342,9117,0799,4719,5129,5313,4434,0710,8746,4005,x53.0
0630,6733,9213,8651,0363,3591,3616,1162,5749,2213,x6.0
0490,0713,7483,8181,7399,5772,1790,4918,8570,2903,x4.0
4081,5633,1762,2648,2648,4811,6698,2189,9105,5003,x40.0
4302,1229,5603,5493,2843,7331,4874,1140,8542,5248,x43.0
2805,6148,0317,9248,2331,8401,3321,6447,5054,4006,x28.0
7697,8723,9085,5547,8507,4713,3675,1126,6841,2108,x76.0
4968,0813,6409,5589,4983,7008,9809,1331,6242,5782,x49.0
7421,1799,6268,7099,0549,9275,5974,0543,0585,0668,x74.0
4981,4562,7669,3832,5435,9911,2715,2874,0772,9646,x49.0
5664,9344,4848,0201,1578,7733,5616,2723,1186,0825,x56.0
5547,7891,7913,3421,8549,1926,6420,6101,3265,3035,x55.0
4935,6487,6852,0911,6641,7270,4007,1923,8360,7965,x49.0
3247,2821,1788,3689,9204,0186,6550,6104,2201,6422,x32.0
7346,8747,7574,0072,0157,0692,1526,7444,4494,2462,x73.0
1191,2512,4466,9558,4639,0186,6490,6330,9031,3335,x11.0
9887,7482,1129,8097,9135,4224,4835,7678,3286,5855,x98.0
0943,3679,7899,2034,8153,5413,2418,7968,1325,6452,x9.0
1605,1871,4613,6509,9217,0449,8919,0468,4246,9161,x16.0
1283,2164,5039,7946,7799,2698,2251,1559,8443,2971,x12.0
5381,4003,9491,1675,2975,3812,0707,1814,9411,7888,x53.0
3177,5023,1827,5475,1843,9607,2766,7302,4436,9653,x31.0
3939,6560,0554,5636,3408,5277,2039,1166,8536,2668,x39.0
5038,5297,4779,2328,2340,1693,7538,7862,3546,0409,x50.0
9949,7709,7516,9543,1675,3747,9725,2909,3472,1924,x99.0
6121,5447,9529,6103,5831,5432,0935,5997,8535,8873,x61.0
5580,1739,7623,2161,9475,6598,0359,3972,9365,4662,x55.0
7282,4724,7502,6777,0238,2481,2267,6179,0434,9711,x72.0
5396,3321,0777,8261,7910,7624,5293,1090,3353,4311,x53.0
7405,6802,9143,1118,1758,2922,3384,8943,8291,1902,x74.0
1741,4853,3270,5311,9540,9905,6083,3357,3043,4023,x17.0
1701,1543,6304,1755,7161,8177,3111,3019,6521,4660,x17.0
0222,4473,7847,6034,3470,6884,6062,7390,3533,9433,x2.0
7172,6211,2566,2781,4016,0826,1960,8523,1051,2825,x71.0
1055,6341,0420,7344,7550,7419,9198,0447,2456,5953,x10.0
3126,6630,8320,5224,8972,2786,7244,1834,5669,1502,x31.0
2073,7226,2108,7669,3826,7063,9381,1248,4655,9545,x20.0
1349,3915,2540,8908,0930,3812,9097,7660,3917,7799,x13.0
0126,7023,9098,1772,3105,7682,4016,9519,6874,3243,x1.0
7144,1377,4712,4285,4927,6910,3071,6353,6993,8499,x71.0
0556,3608,1420,6779,2922,4114,9496,0728,3016,8662,x5.0
4511,2823,3150,6469,5897,3643,3067,1459,6890,4756,x45.0
5131,1269,2526,0801,9483,0462,1827,8496,3372,4113,x51.0
3058,4282,0408,5548,9871,5050,0998,3989,1112,7646,x30.0
7810,6904,1126,3447,8721,3550,2279,8448,0190,4585,x78.0
8927,9678,3232,0747,5846,9000,7311,5818,5935,5450,x89.0
6803,4980,9525,4455,1468,4184,8903,9667,5435,0119,x68.0
8543,4881,7619,1912,6424,4236,0772,4601,8365,4832,x85.0
2445,4507,6274,0029,8272,1932,3044,8267,5161,2709,x24.0
9428,7285,4046,9990,9441,1422,4676,3562,8611,4503,x94.0
6489,3087,4372,8175,7457,1735,9708,4545,8909,4068,x64.0
1187,3072,9430,5553,8577,8033,9838,7170,3033,4051,x11.0
2090,4246,7845,4841,5555,1218,2052,7101,6941,2185,x20.0
4971,3356,6684,9167,6493,9047,4862,5149,0321,0821,x49.0
5413,9595,6108,6048,4608,2585,5595,1010,4800,1125,x54.0
6689,3961,4094,4645,4925,6895,4282,8373,7583,2180,x66.0
1284,8684,4469,5588,0384,9561,9496,4464,8954,6177,x12.0
7382,9013,7251,9728,6128,6435,9164,0298,8800,0131,x73.0
4342,6097,2703,4753,4409,5660,7392,5480,8312,1348,x43.0
4263,9149,9746,6014,0418,8260,1187,0846,1967,7918,x42.0
9055,1947,0926,7472,0655,6067,2868,1937,7792,4996,x90.0
0949,9948,3079,8278,1976,8665,2144,4671,5400,2482,x9.0
2864,6524,7456,6651,7427,8942,0491,1394,9790,1652,x28.0
8906,1339,2152,2719,6149,5405,0828,8201,6081,9980,x89.0
7761,2741,6720,0170,7142,4096,7323,6007,6869,5535,x77.0
6266,9957,8180,5761,4298,1429,7557,7865,5643,3634,x62.0
3807,4722,2586,7570,9659,6069,1519,3916,1634,5460,x38.0
8788,8181,5884,6225,3790,8847,5210,5959,2480,7118,x87.0
2384,9262,4715,1445,7045,7671,3255,3300,5159,3744,x23.0
2540,4313,3951,7864,4427,4551,7011,6780,7520,7790,x25.0
2742,0646,2830,9056,2199,7697,4179,9264,3388,1468,x27.0
3383,4214,5475,1867,4129,5745,5500,5390,6237,6105,x33.0
1255,3881,2934,7046,4877,8952,4728,7432,1335,9285,x12.0
3289,2694,6265,5262,1200,4940,9005,0209,4330,3517,x32.0
7071,1242,0546,6769,6296,0526,6136,4860,3727,2875,x70.0
3626,5516,0438,0966,5022,1309,2118,0918,8690,7045,x36.0
7399,3878,0047,8802,1238,7545,0642,6616,6925,3378,x73.0
4832,1319,1922,5976,6832,3729,6838,4173,6254,7768,x48.0
5364,4266,9696,4304,4124,4917,5095,3146,7932,8523,x53.0
0849,7510,1287,1560,6114,0268,0378,0096,6684,0233,x8.0
3313,7802,7771,4652,6825,0683,3040,3124,5254,5571,x33.0
0581,2842,9013,6507,3286,1379,1199,0468,0649,4105,x5.0
7877,4687,4374,6067,2759,8840,6652,0375,7775,2108,x78.0
5774,7913,8194,7219,2448,6544,4939,8914,1160,2016,x57.0
3216,6893,1235,8099,7398,9951,6847,9953,2239,3547,x32.0
4357,1043,5643,1353,8561,8250,2517,6295,7433,1523,x43.0
4541,9380,1884,4822,6341,2193,5055,1412,0567,0239,x45.0
7182,2200,7903,8658,3414,0556,4005,1831,6184,5520,x71.0
8740,0884,6110,5550,9769,9740,8047,5553,5554,0177,x87.0
3306,0608,6883,9456,0906,4103,5256,1277,5928,3808,x33.0
9020,9472,0675,3249,0091,3420,6800,7505,2031,0295,x90.0
6852,4066,8789,2437,0527,7624,8448,7924,2317,3974,x68.0
0259,0619,1107,2236,7132,4857,1646,4072,4775,3823,x2.0
6099,5922,6767,3610,9163,3571,7862,7332,5084,1718,x60.0
1351,0205,5163,2473,7429,8202,7044,6406,2834,9319,x13.0
8065,4418,4997,5030,1365,9769,9495,0387,7290,3709,x80.0
7928,2687,3249,4035,7169,4322,3512,8543,0327,7076,x79.0
6016,3147,9579,9801,9630,6256,1409,8025,2246,1645,x60.0
2841,7808,8595,5986,8038,6846,7123,6065,0849,0378,x28.0
2631,3767,0090,0933,1051,7641,8102,5119,8719,2806,x26.0
0473,8120,0364,7285,1612,1767,4364,4019,0409,5330,x4.0
3188,0938,7427,6881,7552,3729,2743,3643,0458,0013,x31.0
1888,2231,8636,7571,8616,9039,5797,5028,6537,7001,x18.0
4272,3236,4805,1770,1156,6441,2118,0891,5224,6464,x42.0
2421,2904,6190,6948,8285,5888,9322,5469,0872,1214,x24.0
8932,7081,8843,5815,3926,1966,4014,5994,2597,6259,x89.0
3925,3420,1246,0639,4295,2768,2512,5894,9771,5595,x39.0
6894,7120,0486,8830,7137,4071,3708,0454,1115,6541,x68.0
7654,3822,8847,5783,7937,4758,6208,0691,3548,2243,x76.0
7671,1918,2712,9066,9279,8645,3128,8660,7693,6542,x76.0
4433,6521,0365,2868,5872,2505,9339,3130,0716,5510,x44.0
7003,9231,8547,5661,3024,3649,0552,8443,5194,7443,x70.0
3523,5462,9163,5042,8247,8236,7128,1037,2685,2863,x35.0
1372,9963,8365,0592,2544,0448,0804,1443,9856,8188,x13.0
1805,1650,2041,2881,0380,7971,7222,8000,3532,4869,x18.0
6741,7083,4407,2057,4443,0835,6106,4028,5859,6141,x67.0
9301,3068,2231,3976,4445,8277,3102,1200,2166,9719,x93.0
6229,2262,3366,4768,0103,7015,5033,7161,1758,9762,x62.0
9950,9519,7675,8248,9656,5824,8340,4208,3301,0902,x99.0
8273,7113,1113,5981,8159,8115,2162,7536,3192,3942,x82.0
7110,8924,4622,1483,2683,6491,7303,5116,0767,3428,x71.0
5773,3567,8677,8824,6403,4608,7059,1081,2371,4367,x57.0
1337,9561,4274,0301,9106,2114,0012,8879,2364,1160,x13.0
3493,9786,2378,2547,3432,2672,2676,9382,6018,3034,x34.0
2801,2596,7843,3367,9293,1113,4702,8150,5287,2326,x28.0
1619,7759,7670,8899,6940,2700,8640,4515,7145,1540,x16.0
1664,2748,6515,6140,8535,8717,0972,7850,6643,6285,x16.0
8182,9606,0239,8931,0269,3607,9636,3202,6793,4137,x81.0
8557,7746,3951,1242,6949,7504,7951,3745,9646,8322,x85.0
5908,4148,9366,7828,9414,2359,8943,2159,7135,0942,x59.0
8575,1924,1720,1918,6179,7068,9866,2670,9638,8243,x85.0
9451,5891,3909,0372,4998,5724,8290,7535,6591,1998,x94.0
4753,5175,2314,9720,1519,7108,4181,5650,3571,2481,x47.0
3168,9204,8473,1286,2924,2801,2770,7048,0899,2374,x31.0
3410,2329,3155,3227,1517,1969,2335,1955,2775,2018,x34.0
9564,3043,6356,3497,9820,6320,0072,3137,1818,1728,x95.0
0524,0967,9064,2221,6982,2817,9024,9485,3111,3575,x5.0
8363,4902,5310,1326,6054,8582,3803,4014,3175,8546,x83.0
2699,5346,0405,7693,9209,0116,2218,8771,0759,2566,x26.0
2171,9390,7056,5667,8986,3747,9095,6465,3122,2142,x21.0
0343,5815,9969,0685,7548,6736,7978,8465,9529,6643,x3.0
9951,0094,3899,1062,3296,6704,8696,8974,8278,5554,x99.0
9212,7840,1690,0261,0240,5059,1602,0667,8607,3156,x92.0
7071,8249,4930,9952,8729,4091,2115,7697,0045,2794,x70.0
0837,4209,6251,4317,1393,8627,0769,8592,1504,3293,x8.0
2503,0913,3587,5487,8300,3507,0844,4440,4996,9772,x25.0
3181,6802,5651,5150,7372,1799,3657,0676,2619,5719,x31.0
6027,2901,4300,9050,5796,3079,9013,2752,8092,2455,x60.0
8040,3090,7003,4947,1423,5300,0586,6900,0305,8056,x80.0
5577,5471,4142,5588,8995,2807,2051,9604,7604,9104,x55.0
7824,9053,1916,6763,1433,9860,5782,9360,2615,4126,x78.0
5315,6444,3372,2752,3221,1008,5766,3987,9048,9612,x53.0
0369,5420,5533,6897,9553,5866,7402,7270,1058,1315,x3.0
2179,7113,3856,9085,8740,5229,0141,4016,5291,8662,x21.0
9086,9587,3403,6240,6681,8193,2191,0540,5280,2413,x90.0
9368,3157,1014,7578,5188,1524,4625,7455,4641,5963,x93.0
9826,7690,9366,9103,1538,1927,8283,5695,3359,1724,x98.0
9517,5485,6640,7668,0370,1931,0618,3914,7306,6889,x95.0
7987,7327,0188,9117,7245,6603,5537,8423,7319,3082,x79.0
5310,8163,8205,1262,3338,4524,7043,5809,2099,1258,x53.0
7494,1121,1842,3067,2752,6758,7807,8864,0889,9125,x74.0
4155,7984,9627,7801,3115,6598,4054,6715,4356,2864,x41.0
6691,5904,0929,0811,6659,0057,9328,8918,8248,8593,x66.0
5528,9480,1138,1930,0309,6272,5998,1232,6845,4718,x55.0
1338,3331,5614,4373,1308,4769,5799,4402,0913,5581,x13.0
7052,7887,4454,5338,4012,2862,2616,8202,3237,4796,x70.0
1836,9792,1730,1277,1097,9747,3888,5243,1078,5410,x18.0
6407,4140,8787,6594,3751,3423,7793,8896,9049,5869,x64.0
5049,6191,7893,3978,0196,4076,8652,0965,3444,3911,x50.0
5469,5642,3962,4754,6035,9075,9757,2760,8490,6163,x54.0
0904,2554,5964,4405,5809,5578,4919,2479,1601,8245,x9.0
1179,2374,1730,6173,3643,6729,8168,1020,0391,8083,x11.0
6387,3888,6816,7677,7787,2148,5713,9353,8403,6796,x63.0
0636,2675,5544,2524,9849,1530,7304,3021,3961,6637,x6.0
1550,7564,3564,1240,5791,3619,0981,8029,9208,9405,x15.0
2147,6206,1776,2784,8606,2672,6289,3536,8869,2713,x21.0
1580,4442,7878,0551,7321,7259,7837,0560,0265,3705,x15.0
1724,1966,9830,3417,9818,0080,1099,9618,1040,5776,x17.0
5854,6587,4919,4026,6472,3253,2844,5366,2580,3808,x58.0
9617,1304,8006,2589,1800,6112,5955,9765,7879,3255,x96.0
6564,7850,3191,2355,2426,7790,6736,0876,4453,3462,x65.0
1093,9928,2867,5001,5335,3467,5138,4389,6705,9218,x10.0
5744,9758,3601,7255,5106,4041,9627,5155,5277,4020,x57.0
6235,2464,6776,9894,5854,3118,5141,6274,1944,5340,x62.0
9010,8792,8477,8607,3134,4137,0528,6609,0086,6199,x90.0
4083,7875,4050,2247,9420,3160,4401,6263,2388,8861,x40.0
9090,6132,7623,6672,2049,7841,1536,5686,2361,0093,x90.0
5353,4675,9798,7470,3920,1469,2926,6378,3309,9605,x53.0
3091,0717,1340,7233,4320,5752,1404,8604,2450,0451,x30.0
6332,9804,8066,9607,4909,4302,0420,7552,2744,2432,x63.0
7404,2869,2164,4588,6782,8901,3664,7275,9266,4846,x74.0
7073,1912,5519,7467,4747,1810,0561,0265,1688,9079,x70.0
5181,0652,8035,4312,3483,4146,6264,5998,0867,5579,x51.0
8822,1784,2828,4091,3902,0971,6817,1851,1614,4725,x88.0
3159,2251,2926,8651,7508,6720,6625,6715,1849,6802,x31.0
0753,6137,3935,5568,8014,1435,1477,9014,6255,7689,x7.0
5155,9120,0883,7812,7799,7052,9067,9578,0871,0610,x51.0
8457,5239,3241,3535,6966,6983,6644,1666,3401,0968,x84.0
9575,6042,7608,8096,8895,2909,6159,3232,8423,5384,x95.0
1087,1374,1704,5874,2555,2227,4737,8107,9344,1294,x10.0
6687,2341,2108,3801,3664,6968,2435,8144,0901,8042,x66.0
1523,5367,6862,1056,1545,1504,5854,2090,5967,1695,x15.0
2732,5297,2453,7294,5435,1961,7642,9175,8108,1813,x27.0
4408,8939,3760,8795,2617,5289,7883,5177,1148,3707,x44.0
2345,6608,1465,2402,6924,4669,7430,2698,1175,6336,x23.0
1906,7959,1595,6849,0727,2646,3318,6174,3161,7244,x19.0
7102,5885,2891,1879,2656,0469,2922,7277,2343,7887,x71.0
6034,5342,8783,6789,5995,4150,3903,3231,8189,0882,x60.0
2837,8560,9569,2927,9463,0491,9661,0348,6821,0735,x28.0
1429,1032,6542,4324,2417,9329,2902,5722,0858,1009,x14.0
4815,5618,1638,8340,0171,8269,7015,7757,4602,2282,x48.0
1451,2602,5378,3096,1577,2917,3161,1632,3551,0952,x14.0
0235,8953,2619,9711,5933,5351,8009,8222,7947,7491,x2.0
9292,7657,0029,0163,0084,4534,8950,1264,1353,0056,x92.0
7478,2442,3280,3892,1985,6655,2197,2413,1188,0290,x74.0
5755,7357,9341,0647,5445,8911,1072,0355,0813,5906,x57.0
3064,6544,9006,7391,0601,1779,3100,9865,2906,2525,x30.0
8190,3662,8804,8666,8169,1327,6157,4144,3578,2119,x81.0
7057,6654,0651,2338,3091,6787,7968,0316,8606,1696,x70.0
4822,2634,7722,7080,1961,9422,9458,3325,3014,4928,x48.0
6483,1842,2447,1207,8299,0470,4930,0224,6031,5070,x64.0
2851,4823,0747,4478,1116,5208,2328,5644,0331,6352,x28.0
5978,9420,6458,7881,4754,4847,8844,1598,0966,9711,x59.0
6299,4444,7461,8870,6726,5268,4428,5327,7654,4004,x62.0
8050,2076,6003,1651,4811,5742,0280,7304,1646,2181,x80.0
7697,7774,9832,2971,5576,7755,6394,7116,8934,7111,x76.0
5875,4155,5999,9839,8152,7330,1844,9353,4681,0918,x58.0
0457,6630,4509,6350,9696,3750,7887,8449,2781,8893,x4.0
6502,4874,2729,4490,0776,8563,5044,6606,7884,9853,x65.0
9284,3147,9080,9887,0151,0655,1082,6474,4526,6153,x92.0
2500,8780,0684,4069,1808,7706,9427,5994,2872,1902,x25.0
2600,5823,4055,7293,3652,3524,9837,4599,9960,2851,x26.0
0955,3966,2344,0664,8545,7782,9701,2557,1229,6921,x9.0
0206,2005,6337,2815,0271,9516,5015,7922,1207,1742,x2.0
5765,8834,6813,5494,7050,9790,2968,4292,5856,7325,x57.0
3622,1227,2380,1581,1690,3683,6033,9559,6505,4753,x36.0
5532,5758,6145,7988,6952,5462,7051,9006,5693,5097,x55.0
4465,3825,1846,0926,3683,6251,6195,3003,5588,7822,x44.0
0232,1186,7925,0561,7498,6161,2584,4218,4416,8097,x2.0
9425,8977,6644,6881,2949,5894,3667,5316,9612,1882,x94.0
1291,1929,6298,3586,2522,8311,4357,8569,6683,4952,x12.0
7199,3604,7532,2437,0397,9209,7807,4664,5351,5516,x71.0
5961,9806,3008,3785,3520,0579,9774,5040,5599,4521,x59.0
6436,0223,7842,1451,4233,7810,4457,1464,8157,4029,x64.0
1601,3372,9972,8408,4713,7119,1677,3405,0703,1961,x16.0
7792,7161,6103,2283,7095,8040,8182,9343,6976,3534,x77.0
6734,3718,5967,5994,4263,8321,0279,9846,6289,4080,x67.0
6673,1873,0266,7705,3293,7727,2401,6769,4189,2660,x66.0
7630,6638,0658,6401,5575,2123,8140,6741,4846,5718,x76.0
2602,4595,0394,2481,3259,0315,8093,7499,5224,3137,x26.0
4407,1739,3948,4254,7114,1743,0085,4828,8648,8032,x44.0
3178,8553,8172,4271,9228,8817,1234,7446,0951,4525,x31.0
0906,1388,6814,9658,9269,4168,6226,0100,3218,3110,x9.0
3651,0643,2997,7533,5840,5789,6039,7042,3916,6440,x36.0
4855,0735,3575,3799,1743,6683,1536,3096,4917,5586,x48.0
3715,5140,0002,3097,3862,1245,5453,4073,7542,0359,x37.0
9978,8456,5157,8425,7124,2272,8823,4013,8705,3198,x99.0
9685,6657,0281,1683,7487,4929,8700,2872,0629,3822,x96.0
8726,3484,8012,4671,6533,5246,1454,8782,9018,7199,x87.0
2602,7675,1112,9966,1372,0563,6477,7185,3164,7135,x26.0
4962,4810,9579,9535,3896,5716,8996,5821,8928,6340,x49.0
2918,9510,4865,3048,2737,1332,1576,4858,6553,6121,x29.0
1456,9748,6497,9353,9153,3499,6521,0028,0395,9907,x14.0
9620,2621,5165,5048,0253,6785,5980,3096,8315,8930,x96.0
6490,4927,6472,8462,2875,9647,2395,1102,5865,4738,x64.0
4126,7636,0363,3022,1632,9905,2036,2343,7840,4902,x41.0
5351,7507,1617,2596,7224,7312,1752,7652,4975,0443,x53.0
6114,1356,9899,2503,1841,3113,6660,1558,9758,9157,x61.0
7633,0348,5035,9149,2459,2230,8016,0085,3031,5164,x76.0
4585,7003,1514,2836,9789,8368,1175,4221,1767,0888,x45.0
1508,4382,7466,7231,2160,4441,9007,8113,9135,2031,x15.0
8772,6292,2749,2725,6676,6838,7835,3922,2005,4939,x87.0
6289,1511,6327,3513,0651,2058,9696,0109,5696,4003,x62.0
8537,6352,5922,2702,6730,7940,7100,9239,4669,7540,x85.0
4256,7039,3651,4642,5012,0725,8633,5675,6007,8565,x42.0
8516,7145,1878,4013,3304,9707,5726,8933,2002,1368,x85.0
8510,2666,2168,3949,3791,0004,5630,2942,9221,8343,x85.0
2205,7864,1124,7101,2719,0073,8064,2495,8172,8019,x22.0
5742,2739,1735,4815,6667,9334,1045,5705,8937,9428,x57.0
2439,7607,3427,3314,5867,6249,1869,9193,8054,0367,x24.0
2799,1205,2817,1218,8201,9813,6197,4602,0770,2821,x27.0
1005,7984,0616,3702,4707,8110,6488,3431,4417,8738,x10.0
6349,6809,8296,6440,1592,0865,9515,8033,7457,6497,x63.0
2916,9532,3433,7222,7617,0408,2971,3062,1799,7071,x29.0
3253,6020,2706,0244,5336,6691,8700,7614,1252,4477,x32.0
0438,1736,2407,5472,0625,1923,3706,9041,3661,5115,x4.0
3646,6286,3397,6638,9755,9103,6544,2788,4184,4095,x36.0
9096,5537,1103,3588,7161,1209,9734,8936,2573,5825,x90.0
9930,2244,5559,2690,8817,3150,1527,3900,3034,6637,x99.0
4563,4258,7795,5680,7428,7881,0120,6079,7000,2604,x45.0
8563,0644,8946,0249,1323,4632,1906,6623,0677,2509,x85.0
6671,6654,3486,0461,1962,3516,4406,6365,9205,2002,x66.0
2808,2173,5851,1352,8188,6646,8344,0531,1881,5150,x28.0
2743,8456,8696,8950,9797,0320,3955,6539,0519,9014,x27.0
7717,1504,5461,1030,1757,6391,3055,2670,5970,9243,x77.0
4537,2296,5520,7480,8124,8650,3115,4585,3379,3699,x45.0
9630,2019,8161,7800,5259,3924,3751,3284,6067,0816,x96.0
1290,1765,2695,4733,0257,0969,9346,3008,8863,5058,x12.0
7767,1928,3113,7312,7955,8102,9705,2012,6856,8243,x77.0
1980,2830,8265,2482,5508,3058,4713,3018,7251,6725,x19.0
1956,3264,1679,4743,3232,3837,6802,8143,6775,3685,x19.0
6194,1078,3008,8787,6568,3631,0018,8161,8990,7237,x61.0
9761,4732,5160,0771,1508,4226,1183,2428,2759,7283,x97.0
0132,9464,0399,3422,2618,3580,4562,4117,0924,8740,x1.0
8835,3049,0102,6695,2397,5636,0216,2823,7154,2277,x88.0
2519,3033,7583,2673,8675,5537,1692,7051,6050,8418,x25.0
5642,9714,4307,8940,9652,0738,5427,7993,7973,5341,x56.0
5271,4269,0155,2534,3891,1203,6554,9967,2430,2051,x52.0
3714,0622,4993,2401,8857,9730,2731,0647,9086,5486,x37.0
2658,1199,4119,9172,7237,7657,0789,1588,4411,3089,x26.0
2679,9298,7194,8423,5383,3136,4568,8373,6845,8413,x26.0
2030,4464,8329,2943,8956,3705,2358,3069,4395,0059,x20.0
6325,1433,1815,4997,2417,3097,2622,3112,9916,6989,x63.0
5855,3939,7666,3450,4725,8655,5867,3217,2058,4599,x58.0
0151,1002,4500,1471,6557,1217,1875,8875,3349,5985,x1.0
3718,4910,1639,6102,3837,8374,6512,4183,9361,2028,x37.0
0707,4323,7812,9518,6812,8147,5688,7870,0886,3676,x7.0
7237,7839,2734,2620,8941,9261,7444,7072,6476,6965,x72.0
0466,6663,5295,8308,4399,6380,4873,7050,3951,8648,x4.0
5122,4818,2671,1703,6679,2809,0966,0010,3485,9464,x51.0
9217,4038,9505,8803,5797,8785,4239,0851,2509,6910,x92.0
6621,2012,3785,7616,2398,8993,2385,5269,4837,5214,x66.0
7030,0560,5180,8730,9247,1646,8841,2408,8932,3239,x70.0
8304,6693,7115,5105,0073,7638,5891,4900,4984,4167,x83.0
3961,7695,7964,4169,8555,3898,9136,7865,5252,6948,x39.0
4617,1128,1930,2137,4260,0111,9072,8021,4549,5556,x46.0
7633,9916,0700,8494,5613,8246,4141,5074,2463,9753,x76.0
2175,2040,3085,5367,9590,1005,5924,4513,3034,8428,x21.0
1497,1646,4112,0396,3915,7526,6525,6079,6157,7627,x14.0
4293,2865,8351,1624,4210,4199,2755,8928,3592,3534,x42.0
2048,5112,8182,8083,2147,8149,3724,9424,9917,2942,x20.0
9865,4723,4621,1666,8973,9735,9475,1877,5667,2468,x98.0
2663,6164,3619,3257,3812,9436,4713,8996,0149,7726,x26.0
5185,6444,6040,1033,2422,6142,6531,4854,2634,4276,x51.0
4727,1546,2729,5274,2493,3088,4339,0436,8441,8207,x47.0
3143,0036,4547,5395,7629,3202,8569,0688,8308,3080,x31.0
8802,0068,7672,0047,7983,6672,5768,9232,7329,2910,x88.0
6580,4637,2834,1368,2105,4857,2536,2441,0104,9154,x65.0
7731,0135,1876,8297,1038,2261,4957,0843,3628,4377,x77.0
9772,5502,7957,2582,6120,9862,9035,0861,4454,6731,x97.0
1053,6716,7526,1259,8868,1908,6104,2600,0578,3612,x10.0
9194,3922,9597,4320,3179,6893,9720,2432,9814,2284,x91.0
1614,7584,0538,6894,4627,0745,7647,6349,5555,2433,x16.0
6983,3857,2043,3168,0671,2970,5644,6845,9228,5769,x69.0
4533,5068,2896,0426,5103,6612,7413,4230,6985,6641,x45.0
5003,5082,7103,5270,1151,8346,9146,9755,7257,0555,x50.0
4980,6642,7166,1407,2753,5795,6789,4248,8609,7921,x49.0
3139,2656,1255,1441,4801,0772,5348,8897,2158,4643,x31.0
2548,9303,3014,6657,7160,9701,1153,3204,4528,1979,x25.0
3245,7581,2871,7770,7453,2654,4899,5535,0306,5506,x32.0
6505,7609,5464,3883,7880,0186,4948,9500,5047,5348,x65.0
8627,4876,1484,3537,8348,6171,1185,0164,0521,2460,x86.0
9801,4720,1174,3792,2533,4342,2663,5971,0009,2946,x98.0
7379,9897,2005,4317,1007,6091,5654,1978,6464,8631,x73.0
3343,6736,8783,6287,1265,7503,1184,0679,9347,3423,x33.0
9339,4271,3272,8425,2957,2254,8422,3916,1786,8709,x93.0
4345,4524,4129,2660,1171,5765,3640,8698,4576,6765,x43.0
1308,3943,9861,9828,6767,3557,5425,0807,8031,4792,x13.0
1457,8993,4300,5970,3420,6752,5648,3951,9473,2464,x14.0
5670,0133,9062,0145,8559,5731,9297,5372,4797,5317,x56.0
5316,0204,4311,4376,4488,1471,0129,7876,9313,5895,x53.0
9791,1145,6506,6318,8124,2358,3022,3036,7696,3856,x97.0
0649,6940,0935,1768,2344,4489,8131,3396,2747,7066,x6.0
3553,9826,3876,9273,6993,2718,2834,0617,0462,4250,x35.0
7345,5193,1810,2565,7605,5324,2977,5813,8249,5062,x73.0
3924,4260,8675,0633,8318,2057,6475,4559,4590,0140,x39.0
4202,3346,2324,0156,4954,5039,8044,4952,8467,3134,x42.0
9848,3497,1455,3904,7822,1695,4504,6601,5819,3152,x98.0
2170,2673,1958,3743,8924,5998,6217,4603,3704,6955,x21.0
0546,0371,9609,8950,2413,1612,5522,4044,8571,2314,x5.0
4976,3833,6859,8971,9954,8766,8957,6183,5838,2821,x49.0
3803,4327,2747,6033,1429,0218,1981,8999,6296,5112,x38.0
3487,5852,8152,1461,0058,6023,5043,4763,9514,7221,x34.0
2477,1702,6378,0874,5519,3330,9343,6865,5320,0264,x24.0
0136,2043,3812,3764,6307,6825,5828,4849,5970,5879,x1.0
6806,8108,6383,3218,6771,7031,6737,1146,1188,2312,x68.0
8443,3244,5531,4300,1071,3695,5674,5272,2940,2203,x84.0
3510,0046,3070,7439,7423,0366,0302,3159,6900,2470,x35.0
3901,8051,7416,6235,2609,0040,0437,1546,7905,6208,x39.0
4461,2258,4176,0133,2902,8639,5748,9299,8636,1491,x44.0
0402,9026,2111,3889,0914,3177,0819,2469,0901,5736,x4.0
2455,3581,6185,1169,9070,1112,9469,7010,7296,7339,x24.0
4444,6745,7988,1321,1251,5938,2596,0310,2260,2024,x44.0
0557,6011,8283,1931,7506,0867,8677,6736,4994,4399,x5.0
1415,7901,5278,9449,1950,6654,9479,8782,5130,8931,x14.0
9023,9757,2522,9244,5545,6645,3029,3290,6297,1078,x90.0
4845,4109,5717,0818,7561,4501,1387,4611,8724,8282,x48.0
6656,8843,5201,3786,9185,1043,5460,3081,5357,8954,x66.0
1297,7760,8883,4518,6217,9896,3829,1494,8369,7826,x12.0
0038,8127,1239,3022,1092,9741,3256,2946,4776,6027,x0.0
9639,6509,5716,1147,1848,9205,1188,0138,8586,7355,x96.0
5007,9731,5315,4564,1637,8412,0828,8686,8844,0837,x50.0
4171,1758,3364,1428,5693,0427,9355,6984,1389,9839,x41.0
8649,4711,3800,1370,6311,8475,5010,2579,5771,2798,x86.0
7864,8598,2814,3676,0915,9815,3138,2367,5830,4200,x78.0
0841,0909,6418,9350,2846,6337,9163,7339,0195,9972,x8.0
9246,3678,9789,2663,3462,2722,9373,3648,1588,7421,x92.0
1777,7539,4119,4876,9094,8413,4471,6698,2545,6431,x17.0
6608,4094,7572,4801,0814,1866,7233,6202,0568,4410,x66.0
4334,9257,7347,7168,1349,9140,1923,8527,1535,3284,x43.0
1109,3674,0632,2039,9954,3595,7601,3207,0623,5738,x11.0
1244,6295,2257,2597,5845,9361,5279,4916,5693,8741,x12.0
1154,6842,9644,2857,5910,8395,0944,0793,9171,1994,x11.0
2936,3556,7004,3192,7236,1800,8387,8361,2625,5342,x29.0
7489,3584,1485,2760,9929,7843,2700,1968,5582,7414,x74.0
7013,8430,2722,0761,7088,2134,9696,7000,0278,5747,x70.0
2684,9823,9202,0629,8083,3641,2640,0272,5459,7212,x26.0
2706,5569,1189,6003,6636,4140,5471,1866,1034,1347,x27.0
3583,4956,1621,2245,1255,4302,3751,5587,9540,0277,x35.0
6686,6574,6989,6558,5430,0256,4788,8810,4899,5458,x66.0
5810,1002,1125,6812,5390,0682,1510,6466,1743,0270,x58.0
4177,5067,8492,6909,9177,8246,8114,0223,0441,5251,x41.0
5827,6696,2298,6377,5042,9873,6701,5437,4511,7404,x58.0
8610,2465,4612,0880,7059,8084,3729,0199,4724,8021,x86.0
0834,6560,5159,5294,9211,4646,3429,4748,3834,6023,x8.0
2432,8561,4322,8931,9217,9264,8820,7111,0118,4828,x24.0
4921,1420,7830,3690,8869,6648,9440,1142,8178,7534,x49.0
2981,7494,6453,0626,5025,6401,5164,8407,4619,5451,x29.0
5896,0612,9573,4923,5055,3643,0542,9832,0947,1195,x58.0
7210,7988,2381,8857,4696,0175,4424,6188,0748,2599,x72.0
0314,8972,5511,2992,3048,5738,4094,0317,3350,1700,x3.0
2183,6870,1486,2610,5865,7489,5756,8626,8759,5308,x21.0
4709,9319,6010,9549,1314,2001,8707,4265,3073,0265,x47.0
4677,1711,9628,0903,4226,7006,2460,1051,5608,0875,x46.0
7018,1575,1068,7954,8662,5190,2356,8557,6112,5282,x70.0
8208,1688,1146,6867,2140,5725,5855,4431,9856,1174,x82.0
8379,9705,7666,5633,7473,4347,5142,2986,8470,5773,x83.0
6129,2311,5213,2526,0320,0732,7460,9139,2285,1417,x61.0
0545,8218,9589,9306,4240,2739,8231,1486,6400,7311,x5.0
3421,3755,1960,5726,8536,1418,7072,9421,5120,0266,x34.0
8975,9800,9267,4471,8623,8306,7623,2521,9500,5814,x89.0
1903,7808,6629,1233,2613,7114,2909,3586,8907,2669,x19.0
5502,5592,5919,7763,2376,8610,2121,4072,3767,7673,x55.0
4773,0022,1806,1238,4484,8345,6758,5172,4591,8975,x47.0
1626,4301,2836,1032,7803,6393,9911,0722,5401,7150,x16.0
8898,7123,8151,3752,5425,0818,6799,7806,1184,5610,x88.0
7972,1331,5423,0297,6715,9219,2225,5256,6830,6354,x79.0
8916,4491,8049,0659,8342,5355,7854,2627,4720,3546,x89.0
5408,5449,6489,0909,9095,8169,1190,8135,0095,5943,x54.0
2004,5684,9883,8824,8761,5292,1047,0138,7735,6150,x20.0
1343,5261,8737,7563,6841,3154,4389,7834,8305,0279,x13.0
5000,7299,0377,4230,8602,7787,7706,4598,5121,2981,x50.0
2293,4671,3629,3999,5597,3667,0597,2923,2779,9731,x22.0
1185,6033,5267,3511,3819,8641,0265,6143,2044,5169,x11.0
9290,7211,4745,4740,1525,4789,0834,7666,3082,7268,x92.0
6521,1041,9700,9128,5643,8659,3287,1702,5900,6823,x65.0
8351,5108,6720,8115,7529,5726,3742,4868,4361,5089,x83.0
9485,0863,6482,2279,5979,7802,3401,2660,7131,3531,x94.0
8700,4859,8795,0660,5096,3905,5610,7090,6182,6223,x87.0
8370,5165,8360,1115,7629,8723,3817,9906,3127,9749,x83.0
5169,1888,1401,4552,4995,0095,3201,8313,1957,9372,x51.0
6415,6116,4320,1616,9706,8909,0580,7163,0525,7242,x64.0
2465,6983,2648,9429,6891,4971,0353,5788,7303,5224,x24.0
2754,0238,6252,4160,6677,1034,1596,4345,0353,6152,x27.0
0561,4005,7341,3031,2561,4892,7728,9141,3833,8267,x5.0
4990,6140,4452,5253,9816,8271,5280,6783,2466,0219,x49.0
4509,7277,5572,3642,9928,1335,4064,1401,8449,3888,x45.0
8982,6767,8760,0108,0283,4470,0127,4819,6587,3935,x89.0
0744,2324,0445,4471,3759,5386,2324,3853,1230,7123,x7.0
6703,1613,6878,9993,0503,6465,7553,3586,8000,0762,x67.0
8934,3128,0542,5410,8712,2581,6712,6783,1892,5204,x89.0
2728,1805,9093,0721,7688,2191,6108,3652,6769,2402,x27.0
7486,0560,8621,2297,3755,3625,2458,5705,2038,9836,x74.0
6231,2292,5563,5301,1004,2138,0385,9876,7868,8909,x62.0
5846,2092,1991,6751,3561,3050,9960,1115,6069,4727,x58.0
9967,2841,6767,8113,3450,4545,5624,3379,3779,6602,x99.0
1713,0769,9372,2816,4255,0650,3867,8083,7285,3927,x17.0
9078,3706,6201,7639,8456,2482,5433,2438,9360,0470,x90.0
8583,3100,0662,6839,9666,9394,6320,3191,9718,7015,x85.0
4766,3838,1246,2318,5840,9299,8572,0827,3724,5801,x47.0
5473,2381,3169,1366,2895,1986,3037,9573,4996,8190,x54.0
7205,1709,9913,7655,6986,7875,6491,7859,0044,3650,x72.0
6540,5909,2096,4075,5729,4336,2123,6009,2315,2445,x65.0
9055,3920,5202,5511,4121,6301,0872,6931,6692,8363,x90.0
4596,3504,9738,5059,3882,7433,7421,4512,4591,5121,x45.0
6047,9341,4382,2207,5819,9810,0706,4521,6608,0589,x60.0
3269,3343,8437,2170,2953,9509,7127,4888,3970,4062,x32.0
5141,1800,3189,8003,1656,1948,2302,8333,6972,7699,x51.0
2146,2545,5173,8731,3973,2234,3080,1686,4446,4928,x21.0
4037,1488,4331,2097,7024,5611,2809,1307,6829,1364,x40.0
8175,4945,7220,2301,5043,5042,1310,5421,4854,3758,x81.0
0040,7724,3333,2862,7731,5769,4539,8864,8494,0021,x0.0
8820,1162,5842,4975,2250,3979,6881,0545,4495,3861,x88.0
8584,3996,7623,7804,1417,2397,2967,2588,1623,0653,x85.0
2356,7736,1249,2219,1940,3186,7414,6642,1847,7923,x23.0
6819,8518,0992,0903,3531,8374,6283,7633,9212,4083,x68.0
6075,9934,3142,3781,7240,3965,7608,5909,1141,8850,x60.0
7211,7044,9942,7497,1901,9528,2696,1913,9948,3988,x72.0
2514,3676,3674,0367,6203,5033,1948,6262,6750,5073,x25.0
8214,8173,5494,1192,1526,3046,0258,8895,2122,4587,x82.0
9564,8333,5875,4473,0547,6378,4155,2085,6058,0611,x95.0
5961,8734,3689,3374,7053,8116,6762,8060,1390,8991,x59.0
8649,4988,2812,7039,9351,2896,2811,4453,7593,9459,x86.0
0364,2024,2684,1255,8227,5720,0104,5475,5862,5305,x3.0
6419,2299,1356,1811,0547,4039,5470,6965,6908,2739,x64.0
4371,8613,8255,0585,5392,3289,8712,3754,5019,8246,x43.0
6043,6816,3423,4056,4806,7671,6715,1959,8786,1362,x60.0
8725,4978,9073,6874,3287,6571,0318,6325,5561,9474,x87.0
9501,9108,8908,1283,0118,2685,1279,3964,6316,6448,x95.0
0086,1445,1671,0004,9963,8465,5279,3710,2171,2594,x0.0
6714,1934,1337,0272,4961,7448,4642,5519,5899,5535,x67.0
6443,9808,4940,0081,5489,7411,1916,7458,8934,2135,x64.0
6329,4234,9212,7723,6325,0311,8811,1452,3642,1262,x63.0
4733,1943,0594,1211,8456,8036,3499,1120,5517,3114,x47.0
5773,3341,0974,4749,5737,9438,0422,8016,6064,6792,x57.0
1365,8946,6463,8314,0692,7071,1160,8859,4525,8694,x13.0
6675,3084,4068,8804,3330,5394,9235,1753,8243,5216,x66.0
6561,4788,0483,5496,9275,0500,5961,7279,0528,9406,x65.0
8587,5610,3652,0519,8263,8326,2871,8921,6492,2249,x85.0
7959,0831,3738,5615,8241,9630,7452,7906,3498,2344,x79.0
1282,6978,8386,0214,0577,6553,2434,9518,8203,2299,x12.0
7425,0749,7521,6987,5932,0134,0266,0679,1445,5418,x74.0
5763,5505,8728,3927,6311,8503,9463,8851,7860,3217,x57.0
4502,5132,6264,1214,1861,7510,2384,9229,4326,6663,x45.0
9750,8139,7150,9987,5865,0296,1537,1165,0622,5785,x97.0
1793,0186,2901,7575,2242,1395,6913,7003,9456,8220,x17.0
9578,4422,4548,2638,7727,0759,2456,5127,0093,2053,x95.0
6047,1977,9417,4177,9818,4538,4886,3143,4349,7648,x60.0
1666,7921,1279,2985,9120,2596,4855,4058,1699,1828,x16.0
7260,6557,3971,1155,5190,8840,7364,2863,2588,0912,x72.0
4477,0119,4985,7062,4699,2065,7849,7016,9931,0315,x44.0
9084,3504,3095,2539,0105,9865,2968,6901,0341,0814,x90.0
5792,6662,4519,4545,9979,9663,6077,5494,1774,6712,x57.0
5414,7639,1483,4840,3188,8737,3022,1063,2562,9644,x54.0
0690,1742,8496,1143,2135,2079,4238,9752,6915,4239,x6.0
3673,3606,3356,9172,5873,7272,9731,7872,6315,1724,x36.0
1786,5332,7471,6076,9001,6929,4093,2218,1159,2098,x17.0
8236,0813,3485,7231,2159,9983,2446,0852,7068,9377,x82.0
9566,8445,3704,4526,8039,4948,3114,9613,9938,3938,x95.0
8222,1423,0241,8614,0907,9617,4691,1708,0753,8550,x82.0
0839,0323,2927,6859,7660,7611,7483,5732,6249,1294,x8.0
2165,5067,0330,1882,6867,6306,1933,0650,5048,3091,x21.0
8222,0781,8960,5134,1166,9399,0148,8419,7116,7614,x82.0
9236,7981,0274,6161,4285,2488,2299,0201,7298,7452,x92.0
0769,7160,2386,0457,8478,1678,2542,3797,3918,2955,x7.0
8676,7178,9857,6604,5638,4089,4842,6232,8750,7699,x86.0
8222,9858,0641,6953,5000,7060,1104,5174,8501,7320,x82.0
8005,7036,1938,5092,7654,4969,8717,7893,2056,5852,x80.0
9461,2936,3072,0561,7656,5709,9593,3773,2716,6910,x94.0
6139,3090,5715,2480,4392,1153,8660,0591,3924,6111,x61.0
6132,0930,2319,0394,4390,0990,5077,4036,3177,1234,x61.0
4863,0590,1739,7747,2053,6984,4952,5001,5972,9373,x48.0
5634,9033,1258,9172,5834,9180,0248,0884,9167,8575,x56.0
0665,2137,0727,7178,1194,2544,7146,6493,0234,9722,x6.0
4767,5476,5679,9609,3951,2486,0132,5574,0174,5698,x47.0
1633,1665,1157,7088,2628,7361,2142,0695,5215,8216,x16.0
2402,3070,9752,2693,9175,1385,4659,4412,0863,9804,x24.0
3531,4495,1931,1978,4740,6021,2519,3197,4548,7665,x35.0
9598,0982,6910,3429,0141,7541,3322,2732,1381,7001,x95.0
6277,3935,6738,9077,6170,7836,2495,0202,2428,2231,x62.0
4444,5903,4123,4498,3963,1856,9495,5381,3778,6408,x44.0
0697,0877,7998,2263,9913,0226,3984,0617,2436,3576,x6.0
1908,0512,4174,4640,2500,5017,6756,8777,8138,0600,x19.0
6167,3391,1729,8099,1083,1100,0639,1221,7833,9503,x61.0
8656,6116,6268,9843,9781,6666,5469,7652,9283,2485,x86.0
7959,0678,5134,9965,0671,3136,5774,7985,5815,4496,x79.0
8282,9790,3357,3757,4988,0018,0310,3894,6799,1308,x82.0
6819,3723,8912,9987,4759,2631,8500,1097,0386,2493,x68.0
1677,7050,2679,8111,7140,1934,2123,2967,3616,0494,x16.0
8012,8884,0407,5808,9335,4460,9337,6758,1133,0709,x80.0
0357,9383,2812,4233,3465,7785,2415,3095,0021,7591,x3.0
8346,3717,7980,9922,7699,5636,9132,8646,8342,2532,x83.0
9221,6302,7544,7592,1720,6605,6123,8859,7642,2518,x92.0
8556,3187,6701,6771,2415,1755,7616,4149,4443,3784,x85.0
1202,6202,5756,8329,0850,7337,1181,0945,8767,5149,x12.0
0444,1920,2685,2522,2806,4224,6969,7827,1298,0713,x4.0
2653,4642,4090,7796,4102,4246,0402,2894,3183,6313,x26.0
9373,2585,8083,4824,0965,7901,2034,5659,6516,5229,x93.0
0463,8483,1488,7463,8736,8738,4365,8300,4682,8411,x4.0
6593,9672,7526,2785,1309,6791,1566,1386,6483,0218,x65.0
2750,3921,5701,6048,7760,7215,4718,5809,4174,6496,x27.0
9909,6362,7162,5153,8242,9606,1752,7880,8963,3490,x99.0
0662,7277,2536,6893,1961,0694,1554,6973,9679,4861,x6.0
4597,4482,8740,2963,4289,1333,1478,5118,9419,3778,x45.0
9929,4434,0416,2945,3253,0402,9972,9622,6056,0806,x99.0
2331,5808,8385,8325,3132,8168,2796,7235,1693,1311,x23.0
6692,7095,0079,3605,8857,3998,9548,3761,8403,9508,x66.0
3660,0847,2864,4696,0191,5527,6242,5103,9342,4451,x36.0
2623,4664,0254,5256,4756,0354,4514,3069,5950,3828,x26.0
3422,4160,5458,5240,6420,4383,1570,6315,2781,4896,x34.0
2443,1729,7758,6694,5950,9292,6981,5262,6590,6172,x24.0
3600,3059,3327,5232,6654,0040,1877,5914,7052,3845,x36.0
6022,9145,2411,2152,3739,5754,3183,9880,2474,5110,x60.0
0626,6314,0644,8756,6397,6313,3998,3025,7736,1298,x6.0
1047,7129,9273,0255,3416,2972,3436,2908,4815,3004,x10.0
6345,9224,6322,7586,5140,8394,3232,1495,9419,9187,x63.0
8455,2383,0114,2253,0985,9955,4065,6682,0730,6718,x84.0
4893,5732,2585,1002,0676,5072,4091,1028,9038,2262,x48.0
0365,0090,4370,9167,5759,3625,6825,3093,6269,1411,x3.0
7691,7479,3571,6798,2408,0224,1106,5412,6500,7838,x76.0
0130,0199,2015,9520,4408,5253,2153,5561,6658,0200,x1.0
1356,7824,9483,4151,9083,9076,9909,7468,9250,6898,x13.0
4373,0076,8947,5035,7385,1999,9172,8434,0071,1629,x43.0
5554,4864,5686,4118,6218,6025,8181,7113,0506,8418,x55.0
3248,2918,7454,2348,7521,6118,6641,6482,4739,3846,x32.0
7481,7230,5485,7003,8005,5338,2617,7965,5901,4068,x74.0
6384,7864,3546,9427,2653,1658,2771,6440,6843,4421,x63.0
5164,7493,6700,6636,1072,2894,9638,4891,5773,0067,x51.0
6634,6752,2703,5958,9654,8390,0229,6000,1660,7430,x66.0
2252,8355,8095,7474,9855,1330,6375,4266,5834,4516,x22.0
8143,9147,7874,1582,8539,4745,4052,9472,8311,4151,x81.0
0060,0094,9424,5134,6096,3838,2893,2048,3301,1473,x0.0
3842,7706,4203,2566,0657,0365,4049,2677,7345,6790,x38.0
7379,8962,2980,0301,8072,2017,0365,1490,7604,1233,x73.0
3788,4715,1251,5008,9667,8311,0499,3385,6914,1761,x37.0
4359,6480,4620,6752,7152,3344,9917,7942,0807,3134,x43.0
6946,7795,7432,9089,2852,1346,2703,2349,2686,0168,x69.0
5256,0766,1798,0906,1061,8181,8067,0738,2304,5900,x52.0
2726,7043,8903,9265,2696,5433,5830,2844,5347,0375,x27.0
6071,7336,5465,8939,4858,7748,5284,0308,8258,8366,x60.0
4559,8179,8306,3406,0334,0301,2934,7688,2770,7488,x45.0
1637,8593,7520,3272,8828,6577,9682,2904,6068,0402,x16.0
7619,0636,6790,0005,2136,0520,5626,1470,7448,8159,x76.0
4330,1566,8074,7026,8864,7136,2305,6150,5372,7094,x43.0
6109,2709,4231,1499,7004,2187,8411,7538,1916,0368,x61.0
5037,6524,4286,1125,8615,1149,4800,4696,4512,3339,x50.0
1480,7831,9031,3825,5705,1783,8358,1378,6645,8087,x14.0
2868,3538,4535,7297,8039,0816,3932,6626,6208,6596,x28.0
8339,5746,4221,9189,0829,3292,7960,1553,3882,0716,x83.0
7620,6700,0561,2809,6839,7915,9578,5927,0441,6064,x76.0
1891,6833,0370,6937,7630,7720,3936,3524,7662,7440,x18.0
4758,1208,5092,2861,8441,5895,8351,2791,5421,6243,x47.0
0973,8312,5746,4590,4594,6634,7394,5689,6946,4458,x9.0
1714,6206,8111,5751,1306,3986,0936,5356,0921,5476,x17.0
5699,1458,0077,0920,3323,9453,4724,8223,5069,4153,x56.0
9534,6598,3879,8794,5295,5169,1381,8774,6518,1563,x95.0
6576,4898,5771,8918,9189,0170,8381,2908,9577,4903,x65.0
3654,1910,5055,2749,4382,9180,7377,5127,8205,5350,x36.0
6797,0210,6044,6462,8619,0364,2662,8801,5007,3319,x67.0
8855,8410,7368,5390,4918,1291,8189,2917,7690,1234,x88.0
1982,2674,9818,0124,9770,3825,0038,0989,3360,1477,x19.0
0202,4329,4071,4963,5224,5436,2680,1600,9201,9811,x2.0
5248,7479,7332,0993,1312,0776,0652,1778,3089,8413,x52.0
5583,6231,2899,1040,4390,4457,1680,7927,6675,8446,x55.0
0663,1326,1264,9166,8443,8121,3403,4933,5035,0523,x6.0
8135,8475,1987,7690,1582,1342,7213,0732,5144,7086,x81.0
3262,3656,1899,3363,3918,9628,3430,0187,1289,4799,x32.0
3988,2111,6909,7782,8987,1453,8871,7245,2459,6423,x39.0
6244,3896,7660,1817,2995,5229,3729,4406,5089,4979,x62.0
9382,3413,0896,1328,0815,8566,8749,8346,2031,9079,x93.0
4819,4215,4549,6075,2811,4467,2970,3442,0414,3096,x48.0
3952,1537,8678,3350,0626,2742,3150,6637,4238,4488,x39.0
5316,3920,4234,3496,7715,8665,6791,8480,5791,7098,x53.0
5008,6567,6206,0696,2799,7564,1959,6447,2177,9507,x50.0
5989,8676,8668,9967,2888,0714,5659,5299,4075,7455,x59.0
6237,5421,3838,7752,3325,6233,0834,2476,5270,4308,x62.0
1748,7433,7393,3834,7173,7880,1287,6941,5182,4063,x17.0
5585,6556,7685,2040,0520,6040,7611,8835,8999,0791,x55.0
1295,3571,6795,1665,0540,9877,4912,9142,7196,7947,x12.0
4963,7592,8215,1700,1327,8835,0609,9022,6889,8627,x49.0
4338,7140,4744,7531,4150,4784,1959,2413,2215,4524,x43.0
0775,7848,7268,6115,1767,2572,8828,8093,5475,0967,x7.0
3934,6392,0537,7729,1894,1992,3890,4620,2382,6444,x39.0
3485,8882,3180,2494,9603,6858,1561,5035,1770,3966,x34.0
7216,9106,6917,0542,3073,5638,0306,6881,5448,4367,x72.0
6412,5137,8012,1476,8861,2062,9863,0808,5095,9288,x64.0
4805,3749,2303,7543,5720,8544,8329,9548,7507,6402,x48.0
8698,9512,9874,5903,2282,8230,6641,4942,3226,1740,x86.0
2786,7098,5680,1265,2062,1865,8650,2309,2523,0957,x27.0
0374,3401,6341,8520,5986,5118,2286,1091,0908,7156,x3.0
8633,0974,3798,7378,7775,3840,0639,6359,6975,0950,x86.0
2396,7552,6208,4755,3425,3870,5082,0801,5853,2174,x23.0
0993,8068,5503,8193,1285,5494,3746,3006,2741,6937,x9.0
0311,5567,4514,2817,2142,1804,7379,7418,4617,9274,x3.0
8259,7864,6826,4133,7644,9641,2418,6120,2658,5081,x82.0
9694,0408,9025,6470,1919,8333,7093,0558,4709,5705,x96.0
8100,3229,7418,5452,1953,4933,8407,8659,2223,2759,x81.0
2651,8774,1893,9726,0847,9344,9499,7417,0776,0197,x26.0
2676,0495,7553,6711,2525,3742,9712,6462,9306,6430,x26.0
2200,3028,7581,7966,0208,2038,6005,2268,0940,6000,x22.0
9951,4824,1505,6074,6448,5697,6447,2311,0770,7616,x99.0
8949,3792,5480,8781,8857,5725,9218,6436,7076,7672,x89.0
5035,2786,3572,2441,7476,9508,2320,7281,5899,6886,x50.0
9761,6096,7325,2360,0086,7141,7478,3955,2100,6948,x97.0
3986,3848,2675,8101,4919,1666,3160,6299,0343,5565,x39.0
2483,1015,0271,9359,6685,3501,8073,1998,1171,3974,x24.0
5651,0605,0594,0284,6513,1389,0148,5863,8595,1509,x56.0
0968,0240,6757,3961,2466,4304,7022,5449,1890,3074,x9.0
2586,7151,6101,4415,7165,4019,2373,4787,8726,8398,x25.0
0749,2272,7499,6729,2256,8467,1318,6205,4245,1027,x7.0
0065,6500,8916,0013,0057,6573,5827,3278,7918,3771,x0.0
9099,6329,2326,6749,5904,9377,7371,7818,9195,9508,x90.0
1087,7361,4400,0977,8815,4252,6948,0263,0287,3332,x10.0
1722,7657,2563,4459,4591,0639,3365,2496,3884,1560,x17.0
1811,7485,9181,2293,1641,7206,5606,9059,1994,5084,x18.0
0765,0271,1239,1683,3479,1920,3847,8642,3355,0241,x7.0
5875,3052,8439,5959,8623,2724,1269,7720,4402,6047,x58.0
8667,8198,1887,7985,5587,4792,7876,5925,5765,5314,x86.0
7248,9471,7370,9282,7106,5065,3293,6188,4824,1423,x72.0
7063,1794,6557,2178,5634,5609,6012,5390,6109,4089,x70.0
0715,6920,1821,1789,7696,8893,4980,2328,0505,1564,x7.0
1664,6765,8841,6450,0700,3215,7600,4696,1377,5810,x16.0
1504,5292,6123,6353,3325,2744,9047,9391,2423,7887,x15.0
1842,1654,8002,9707,9135,8041,2060,8450,5724,9930,x18.0
4128,7622,0933,6040,1883,6370,6870,3814,4803,8665,x41.0
7667,1410,9735,1044,8764,4100,6178,9983,7677,9766,x76.0
8774,2126,6455,1447,3103,2460,1220,0119,2464,8693,x87.0
5490,3982,9037,3112,7111,5307,3001,3270,5899,7783,x54.0
8651,7224,7176,6366,7327,0207,6368,7234,6107,1441,x86.0
3416,1341,7814,2978,6299,1371,9267,9518,5998,1461,x34.0
9301,2024,5332,2117,5589,9131,2208,2160,3338,9378,x93.0
2016,4849,8138,9094,5786,8970,5789,9861,0794,0712,x20.0
7885,3655,2270,7522,9197,8491,6828,1880,7702,4889,x78.0
6482,3520,5699,1389,2990,9451,5130,4787,7181,0200,x64.0
5693,1706,9618,7992,8329,6856,6813,8222,3947,7196,x56.0
2206,5367,7305,6566,5367,6741,1018,8470,1891,1377,x22.0
0429,5805,1378,3943,8645,5077,4698,8996,9094,5478,x4.0
4265,0931,8142,5046,2280,1640,9458,4005,7610,5159,x42.0
3961,3402,9262,9640,7969,0229,9253,2087,6083,2172,x39.0
8348,3779,4314,2178,2263,0056,4848,2577,3777,1040,x83.0
7809,2982,9861,6980,1679,1822,4901,1038,1920,0794,x78.0
2780,0506,2656,9548,6669,2404,5658,7926,8920,9265,x27.0
5541,1673,2012,1906,8501,2407,0111,4077,7716,4475,x55.0
6812,1311,3679,9235,5902,0743,6091,8313,6474,8128,x68.0
8762,1799,1182,0556,1698,5654,7306,5040,3465,0449,x87.0
2587,9659,4691,9272,2007,0833,9689,4773,3705,3137,x25.0
0906,4425,7381,7811,3715,0684,5079,8349,3320,0300,x9.0
8600,3100,9749,9123,8228,7907,9777,2582,9280,1932,x86.0
5771,3267,9906,9475,5407,6490,2340,9364,8945,0852,x57.0
7935,5785,7136,1017,4807,9879,7344,2837,1534,4939,x79.0
1559,4471,3308,8098,1487,6634,9877,9862,2636,6303,x15.0
9663,5995,3866,8412,6766,3892,7483,9929,5619,0978,x96.0
6460,7517,0094,0868,3413,3470,0721,9796,7150,8569,x64.0
4012,7341,1700,4610,8907,2067,5768,1400,5549,8574,x40.0
7695,9823,5077,6561,9495,4066,9194,7703,7848,4301,x76.0
0424,4558,6573,8091,9484,6772,0534,7311,3256,2089,x4.0
8817,8341,9750,9760,2587,1606,6465,7301,0022,0985,x88.0
5513,5736,2421,4330,5698,9741,1088,6100,8943,7494,x55.0
0651,1066,5184,7504,7103,5824,1689,8985,9942,8454,x6.0
9443,7919,8386,8341,7241,5917,9192,5058,1685,7668,x94.0
3821,9727,1317,9200,6349,5471,9740,6937,6354,0395,x38.0
8631,5862,3438,1396,4246,2368,2207,4385,1129,9067,x86.0
1107,2835,1340,6932,9087,8660,4708,0899,8823,0195,x11.0
2236,6561,6095,7871,3999,0408,0796,2654,0091,5708,x22.0
4979,4928,8336,9793,1647,6658,6069,9212,8921,1091,x49.0
1563,6100,6158,6539,8002,9744,8901,2961,7974,1179,x15.0
0924,5564,2522,4113,2011,0008,3951,3732,5236,7996,x9.0
5064,1055,1997,1654,6824,3453,9624,4383,2825,2112,x50.0
7690,3934,4738,9344,7257,8063,2535,5481,3061,4671,x76.0
6463,9902,8349,3879,1596,3478,6511,5392,7296,7801,x64.0
7760,8950,2772,8708,0237,0907,3593,4851,3064,8904,x77.0
7051,2939,6541,2996,7540,8981,0650,1951,9148,0084,x70.0
7311,9347,8868,9157,2745,4516,5925,3166,1729,7592,x73.0
7067,8516,1726,4168,8057,7527,4140,7349,0239,7607,x70.0
7382,6975,0612,2773,8695,1033,4337,3502,7502,4480,x73.0
8391,3543,9110,2218,8821,9212,3218,7091,1156,1980,x83.0
3358,1905,5322,5354,7408,3914,1012,4464,6587,6626,x33.0
3843,1666,1971,7164,0688,9823,2815,2551,9971,9463,x38.0
8339,7312,6293,7312,6830,4966,0573,6404,2525,2345,x83.0
1363,6530,7705,0382,4896,2914,6244,6613,1826,4409,x13.0
4146,7394,7771,4458,8601,0880,2475,7077,6430,5160,x41.0
8633,5511,5556,7742,7110,3185,4568,2492,5185,4303,x86.0
4122,4131,2807,1256,0854,0012,6336,7732,1640,2272,x41.0
7108,7704,3811,0978,6923,1593,3876,2322,9959,4125,x71.0
1736,6663,5757,7583,5318,2701,8970,8840,4947,4270,x17.0